name,price,No_of_rating,rating,description,category
"Tata Salt, 1kg",₹24.00,"66,526",N/A,"Tata Salt, 1kg",Grocery
"Fortune Sunlite Refined Sunflower Oil, 1L",₹180.00,"36,534",N/A,"Fortune Sunlite Refined Sunflower Oil, 1L",Grocery
"Tata Sampann Unpolished Toor Dal/Arhar Dal, 1kg",₹260.00,"27,221",N/A,"Tata Sampann Unpolished Toor Dal/Arhar Dal, 1kg",Grocery
"MAGGI 2-Minute Instant Noodles, Masala Noodles With Goodness Of Iron, Made With Choicest Quality Spices, Favourite Masala Taste, 70G ( Pack Of 12 ), 840 Gram",₹144.00,"25,356",N/A,"MAGGI 2-Minute Instant Noodles, Masala Noodles With Goodness Of Iron, Made With Choicest Quality Spices, Favourite Masala Taste, 70G ( Pack Of 12 ), 840 Gram",Grocery
"Fortune Premium Kachi Ghani Pure Mustard Oil, 1 ltr pouch",₹165.00,"66,269",N/A,"Fortune Premium Kachi Ghani Pure Mustard Oil, 1 ltr pouch",Grocery
"Fortune Premium Kachi Ghani Pure Mustard Oil, 1Litre PET Bottle",₹171.00,"31,692",N/A,"Fortune Premium Kachi Ghani Pure Mustard Oil, 1Litre PET Bottle",Grocery
"Aashirvaad Salt,with 4-STEP ADVANTAGE, 1kg",₹209.00,"30,419",N/A,"Aashirvaad Salt,with 4-STEP ADVANTAGE, 1kg",Grocery
"Tata Sampann Unpolished Moong Dal (Split), 1Kg",₹102.00,"28,826",N/A,"Tata Sampann Unpolished Moong Dal (Split), 1Kg",Grocery
"Tata Himalayan Rock Pink Salt, 1kg Pouch, Premium Sendha Namak, With Natural Trace Minerals, Low Sodium, Crystal Salt",₹182.00,"16,278",N/A,"Tata Himalayan Rock Pink Salt, 1kg Pouch, Premium Sendha Namak, With Natural Trace Minerals, Low Sodium, Crystal Salt",Grocery
"Lay's Potato Chips 48 Gram, American Style Cream & Onion Flavour, Crunchy Chips & Snacks (Weight May Vary)",₹80.00,"31,424",N/A,"Lay's Potato Chips 48 Gram, American Style Cream & Onion Flavour, Crunchy Chips & Snacks (Weight May Vary)",Grocery
"Quaker Oats 1kg, Rolled Oats Natural Wholegrain, Nutritious Breakfast Cereals, Dalia Porridge, Easy to Cook",₹145.00,"23,116",N/A,"Quaker Oats 1kg, Rolled Oats Natural Wholegrain, Nutritious Breakfast Cereals, Dalia Porridge, Easy to Cook",Grocery
"Tata Sampann Unpolished Green Moong Dal (Whole), 500g",₹348.00,"12,184",N/A,"Tata Sampann Unpolished Green Moong Dal (Whole), 500g",Grocery
"Fortune Rice Bran Health Oil, Cooking Oil for Healthier Heart, 1L Pouch",₹229.00,"18,688",N/A,"Fortune Rice Bran Health Oil, Cooking Oil for Healthier Heart, 1L Pouch",Grocery
Kellogg's Muesli Fruit Nut & Seeds 750G | 12-In-1 Power Breakfast | India'S No. 1 Muesli | Multigrain Breakfast Cereal,₹161.00,"30,549",N/A,Kellogg's Muesli Fruit Nut & Seeds 750G | 12-In-1 Power Breakfast | India'S No. 1 Muesli | Multigrain Breakfast Cereal,Grocery
Amazon Brand - Vedaka Raw Peanuts | Pink | 1kg | Premium Moongfali,₹60.00,"30,993",N/A,Amazon Brand - Vedaka Raw Peanuts | Pink | 1kg | Premium Moongfali,Grocery
"Tata Sampann 100% Chana Dal Fine Besan, Gram Flour, 1 Kg",₹330.00,"13,209",N/A,"Tata Sampann 100% Chana Dal Fine Besan, Gram Flour, 1 Kg",Grocery
"Parle Hide and Seek Chocolate Chip Cookies, 200g",₹86.00,"22,291",N/A,"Parle Hide and Seek Chocolate Chip Cookies, 200g",Grocery
Girnar Detox Green Tea - Desi Kahwa (36 Tea Bags),₹472.00,"23,026",N/A,Girnar Detox Green Tea - Desi Kahwa (36 Tea Bags),Grocery
"Fortune Chakki Fresh Atta, 5 kg, 100% Atta 0% Maida",N/A,"18,966",N/A,"Fortune Chakki Fresh Atta, 5 kg, 100% Atta 0% Maida",Grocery
"Uttam Sugar Sulphurless Sugar, 1kg",N/A,"12,748",N/A,"Uttam Sugar Sulphurless Sugar, 1kg",Grocery
"Tata Sampann Turmeric Powder With Natural Oils, 200g, Haldi Powder",N/A,"14,401",N/A,"Tata Sampann Turmeric Powder With Natural Oils, 200g, Haldi Powder",Grocery
Tata Tea Gold Premium Assam Teas With Gently Rolled Aromatic Long Loose Leaves Rich & Aromatic Chai Black Tea 1 Kg,N/A,"29,263",N/A,Tata Tea Gold Premium Assam Teas With Gently Rolled Aromatic Long Loose Leaves Rich & Aromatic Chai Black Tea 1 Kg,Grocery
"Aashirvaad Atta with Multigrains, 5kg pack, The High Fibre Atta",N/A,"54,415",N/A,"Aashirvaad Atta with Multigrains, 5kg pack, The High Fibre Atta",Grocery
"POCO M6 5G, Orion Blue (4GB, 64GB)","₹7,999.00",17,N/A,"POCO M6 5G, Orion Blue (4GB, 64GB)",Electronics
"Oneplus Bullets Z2 Bluetooth Wireless in Ear Earphones with Mic, Bombastic Bass - 12.4 mm Drivers, 10 Mins Charge - 20 Hrs Music, 30 Hrs Battery Life, IP55 Dust and Water Resistant (Magico Black)","₹1,299.00","177,889",N/A,"Oneplus Bullets Z2 Bluetooth Wireless in Ear Earphones with Mic, Bombastic Bass - 12.4 mm Drivers, 10 Mins Charge - 20 Hrs Music, 30 Hrs Battery Life, IP55 Dust and Water Resistant (Magico Black)",Electronics
"Samsung Galaxy M05 (Mint Green, 4GB RAM, 64 GB Storage) | 50MP Dual Camera | Bigger 6.7"" HD+ Display | 5000mAh Battery | 25W Fast Charging | 2 Gen OS Upgrade & 4 Year Security Update | Without Charger","₹7,999.00",564,N/A,"Samsung Galaxy M05 (Mint Green, 4GB RAM, 64 GB Storage) | 50MP Dual Camera | Bigger 6.7"" HD+ Display | 5000mAh Battery | 25W Fast Charging | 2 Gen OS Upgrade & 4 Year Security Update | Without Charger",Electronics
"Apple 20W USB-C Power Adapter (for iPhone, iPad & AirPods)","₹1,549.00","85,533",N/A,"Apple 20W USB-C Power Adapter (for iPhone, iPad & AirPods)",Electronics
"Samsung Original 25W Type-C Travel Adaptor without Cable, White",₹980.00,"45,127",N/A,"Samsung Original 25W Type-C Travel Adaptor without Cable, White",Electronics
boAt Bassheads 100 in Ear Wired Earphones with Mic(Black),₹298.00,"397,817",N/A,boAt Bassheads 100 in Ear Wired Earphones with Mic(Black),Electronics
"Redmi 13C 5G (Starlight Black, 4GB RAM, 128GB Storage) | MediaTek Dimensity 6100+ 5G | 90Hz Display","₹8,999.00","9,674",N/A,"Redmi 13C 5G (Starlight Black, 4GB RAM, 128GB Storage) | MediaTek Dimensity 6100+ 5G | 90Hz Display",Electronics
"OnePlus Nord Buds 2r True Wireless in Ear Earbuds with Mic, 12.4mm Drivers, Playback:Upto 38hr case,4-Mic Design, IP55 Rating [Deep Grey]","₹1,599.00","79,191",N/A,"OnePlus Nord Buds 2r True Wireless in Ear Earbuds with Mic, 12.4mm Drivers, Playback:Upto 38hr case,4-Mic Design, IP55 Rating [Deep Grey]",Electronics
"boAt Rockerz 255 Pro+ Bluetooth in Ear Neckband with Upto 60 Hours Playback, ASAP Charge, IPX7, Dual Pairing and Bluetooth v5.2(Active Black)",₹999.00,"201,890",N/A,"boAt Rockerz 255 Pro+ Bluetooth in Ear Neckband with Upto 60 Hours Playback, ASAP Charge, IPX7, Dual Pairing and Bluetooth v5.2(Active Black)",Electronics
"OnePlus Nord CE4 Lite 5G (Super Silver, 8GB RAM, 128GB Storage)","₹19,999.00","2,883",N/A,"OnePlus Nord CE4 Lite 5G (Super Silver, 8GB RAM, 128GB Storage)",Electronics
"POCO M6 5G (Galactic Black, 4GB RAM, 64GB Storage) | MediaTek Dimensity 6100+ 5G Processor | 5000 mAh Battery + 18W Fast Charging | 50 MP AI Dual-Camera System & Side Fingerprint Sensor","₹7,999.00",5,N/A,"POCO M6 5G (Galactic Black, 4GB RAM, 64GB Storage) | MediaTek Dimensity 6100+ 5G Processor | 5000 mAh Battery + 18W Fast Charging | 50 MP AI Dual-Camera System & Side Fingerprint Sensor",Electronics
"Redmi 13C 5G (Startrail Green, 4GB RAM, 128GB Storage) | MediaTek Dimensity 6100+ 5G | 90Hz Display","₹8,999.00","9,674",N/A,"Redmi 13C 5G (Startrail Green, 4GB RAM, 128GB Storage) | MediaTek Dimensity 6100+ 5G | 90Hz Display",Electronics
"Samsung Original 25W Type-C Travel Adaptor without Cable, Black",₹980.00,"45,127",N/A,"Samsung Original 25W Type-C Travel Adaptor without Cable, Black",Electronics
realme Buds 2 Wired in Ear Earphones with Mic (Black),₹599.00,"146,055",N/A,realme Buds 2 Wired in Ear Earphones with Mic (Black),Electronics
"Ambrane Unbreakable 3A Fast Charging 1.5m Braided Type C Cable for Smartphones, Tablets & other Type C devices, 480Mbps Data Sync, Quick Charge 3.0 (RCT15A, Black)",₹129.00,"68,492",N/A,"Ambrane Unbreakable 3A Fast Charging 1.5m Braided Type C Cable for Smartphones, Tablets & other Type C devices, 480Mbps Data Sync, Quick Charge 3.0 (RCT15A, Black)",Electronics
"POCO M6 5G (Polaris Green, 4GB RAM, 64GB Storage) | MediaTek Dimensity 6100+ 5G Processor | 5000 mAh Battery + 18W Fast Charging | 50 MP AI Dual-Camera System & Side Fingerprint Sensor","₹7,999.00",4,N/A,"POCO M6 5G (Polaris Green, 4GB RAM, 64GB Storage) | MediaTek Dimensity 6100+ 5G Processor | 5000 mAh Battery + 18W Fast Charging | 50 MP AI Dual-Camera System & Side Fingerprint Sensor",Electronics
"Oneplus Nord CE4 (Celadon Marble, 8GB RAM, 256GB Storage)","₹24,999.00","5,791",N/A,"Oneplus Nord CE4 (Celadon Marble, 8GB RAM, 256GB Storage)",Electronics
"Fire-Boltt Ninja Call Pro Plus 46.48mm (1.83 inch) Smart Watch with Bluetooth Calling, AI Voice Assistance, 120 Sports Modes IP67 Rating, 240 * 280 Pixel High Resolution (Black)","₹1,399.00","36,707",N/A,"Fire-Boltt Ninja Call Pro Plus 46.48mm (1.83 inch) Smart Watch with Bluetooth Calling, AI Voice Assistance, 120 Sports Modes IP67 Rating, 240 * 280 Pixel High Resolution (Black)",Electronics
"OnePlus Nord CE 3 5G (Aqua Surge, 8GB RAM, 128GB Storage)","₹16,999.00","15,393",N/A,"OnePlus Nord CE 3 5G (Aqua Surge, 8GB RAM, 128GB Storage)",Electronics
"Nokia All-New 105 Single Sim Keypad Phone with Built-in UPI Payments, Long-Lasting Battery, Wireless FM Radio | Charcoal","₹1,198.00","147,523",N/A,"Nokia All-New 105 Single Sim Keypad Phone with Built-in UPI Payments, Long-Lasting Battery, Wireless FM Radio | Charcoal",Electronics
"Portronics iKonnect C Pro Type C to 3.5 mm Audio Jack Connector with DAC Headphone Converter Adapter Compatible with iPhone 15 Pro Max/15 Pro/15 Plus, Galaxy S23/S22/S21/S208 & Other Type C Phones",₹218.00,"3,100",N/A,"Portronics iKonnect C Pro Type C to 3.5 mm Audio Jack Connector with DAC Headphone Converter Adapter Compatible with iPhone 15 Pro Max/15 Pro/15 Plus, Galaxy S23/S22/S21/S208 & Other Type C Phones",Electronics
"OnePlus Bullets Wireless Z2 ANC Bluetooth in Ear Earphones with Mic, 45dB Hybrid ANC, Bombastic Bass - 12.4 mm Drivers, 10 Mins Charge - 20 Hrs Music, 28 Hrs Battery (Black)","₹1,799.00","177,889",N/A,"OnePlus Bullets Wireless Z2 ANC Bluetooth in Ear Earphones with Mic, 45dB Hybrid ANC, Bombastic Bass - 12.4 mm Drivers, 10 Mins Charge - 20 Hrs Music, 28 Hrs Battery (Black)",Electronics
"realme NARZO 70x 5G (Ice Blue, 6GB RAM,128GB Storage)|120Hz Ultra Smooth Display|Dimensity 6100+ 6nm 5G|50MP AI Camera|45W Charger in The Box","₹13,498.00","3,229",N/A,"realme NARZO 70x 5G (Ice Blue, 6GB RAM,128GB Storage)|120Hz Ultra Smooth Display|Dimensity 6100+ 6nm 5G|50MP AI Camera|45W Charger in The Box",Electronics
"boAt BassHeads 100 C Wired Earphones with Type-C Jack, in-Line Microphone, 10mm Drivers, Signature Sound, Integrated Controls & Multi-OS Compatibility(Black)",₹499.00,"397,817",N/A,"boAt BassHeads 100 C Wired Earphones with Type-C Jack, in-Line Microphone, 10mm Drivers, Signature Sound, Integrated Controls & Multi-OS Compatibility(Black)",Electronics
"realme NARZO 70 Pro 5G (Glass Green, 8GB RAM,128GB Storage) Dimensity 7050 5G Chipset | Horizon Glass Design | Segment 1st Flagship Sony IMX890 OIS Camera","₹15,498.00","5,428",N/A,"realme NARZO 70 Pro 5G (Glass Green, 8GB RAM,128GB Storage) Dimensity 7050 5G Chipset | Horizon Glass Design | Segment 1st Flagship Sony IMX890 OIS Camera",Electronics
"Boult Audio W20 Truly Wireless in Ear Earbuds with 35H Playtime, Zen™ ENC Mic, 45ms Low Latency, 13mm Bass Drivers, Type-C Fast Charging, Made in India, Touch Control, IPX5 ear buds TWS (Glacier Blue)",₹899.00,"4,485",N/A,"Boult Audio W20 Truly Wireless in Ear Earbuds with 35H Playtime, Zen™ ENC Mic, 45ms Low Latency, 13mm Bass Drivers, Type-C Fast Charging, Made in India, Touch Control, IPX5 ear buds TWS (Glacier Blue)",Electronics
"JioBharat V2 4G Phone with JioCinema, JioSaavn, Pay (UPI), Long Lasting Battery, LED Torch, Digital Camera | Blue | Locked for JioNetwork",₹699.00,494,N/A,"JioBharat V2 4G Phone with JioCinema, JioSaavn, Pay (UPI), Long Lasting Battery, LED Torch, Digital Camera | Blue | Locked for JioNetwork",Electronics
"OnePlus Bullets Z2 Bluetooth Wireless in Ear Earphones with Mic, Bombastic Bass, 10 Mins Charge - 20 Hrs Music, 30 Hrs Battery Life (Acoustic Red)","₹1,299.00","177,889",N/A,"OnePlus Bullets Z2 Bluetooth Wireless in Ear Earphones with Mic, Bombastic Bass, 10 Mins Charge - 20 Hrs Music, 30 Hrs Battery Life (Acoustic Red)",Electronics
"SanDisk Ultra 64GB microSDXC UHS-I, 140MB/s R, Memory Card, 10 Y Warranty, for Smartphones",₹549.00,"55,455",N/A,"SanDisk Ultra 64GB microSDXC UHS-I, 140MB/s R, Memory Card, 10 Y Warranty, for Smartphones",Electronics
Fastrack Limitless Glide Advanced UltraVU HD Display|BT Calling|Advance Chipset|85+ Sports Modes & Watchfaces|Voice Assistant|24 * 7 Health Suite|IP67 Smartwatch,"₹1,299.00","2,445",N/A,Fastrack Limitless Glide Advanced UltraVU HD Display|BT Calling|Advance Chipset|85+ Sports Modes & Watchfaces|Voice Assistant|24 * 7 Health Suite|IP67 Smartwatch,Electronics
Fitness Mantra® Gym Winter Cap & Muffler for Men & Women| Beanie Cap| 1 Set|,₹99.00,17,,Fitness Mantra® Gym Winter Cap & Muffler for Men & Women| Beanie Cap| 1 Set|,Sports
"Lifelong PVC Hex Dumbbells Pack of 2 (5kg*2) Black Color for Home Gym Equipment Fitness Barbell|Gym Exercise|Home Workout, Gym Dumbbells|Dumbbells Weights for Men & Women (6 Months Warranty)",₹509.00,"12,990",,"Lifelong PVC Hex Dumbbells Pack of 2 (5kg*2) Black Color for Home Gym Equipment Fitness Barbell|Gym Exercise|Home Workout, Gym Dumbbells|Dumbbells Weights for Men & Women (6 Months Warranty)",Sports
"Boldfit Adjustable Hand Grip Strengthener, Hand Gripper for Men & Women for Gym Workout Hand Exercise Equipment to Use in Home for Forearm Exercise, Finger Exercise Power Gripper (5-40 Kg) Black",₹179.00,"24,112",N/A,"Boldfit Adjustable Hand Grip Strengthener, Hand Gripper for Men & Women for Gym Workout Hand Exercise Equipment to Use in Home for Forearm Exercise, Finger Exercise Power Gripper (5-40 Kg) Black",Sports
Fitness Mantra® Sports Winters Cap & Muffler for Men & Women| Beanie Cap| 1 Set| (Black),₹99.00,"1,063",N/A,Fitness Mantra® Sports Winters Cap & Muffler for Men & Women| Beanie Cap| 1 Set| (Black),Sports
Nivia Storm Football | Rubberized Moulded | Suitable for Hard Ground Without Grass | Training Ball | Soccer Ball | for Men/Women | Football Size - 5 (White),₹349.00,"47,123",N/A,Nivia Storm Football | Rubberized Moulded | Suitable for Hard Ground Without Grass | Training Ball | Soccer Ball | for Men/Women | Football Size - 5 (White),Sports
"Bodyband Hand Grip Workout Strengthener, Adjustable Hand Gripper for Men & Women for Gym Workout Hand Exercise Equipment to Use in Home for Forearm Exercise, Finger Power Gripper",₹119.00,"4,367",N/A,"Bodyband Hand Grip Workout Strengthener, Adjustable Hand Gripper for Men & Women for Gym Workout Hand Exercise Equipment to Use in Home for Forearm Exercise, Finger Power Gripper",Sports
"Lifelong LLKS03 Foldable Kick Skating Cycle| Skate Scooter for Kids(Max User Weight: 50Kg) Kids Scooter (Pink, Blue)",₹999.00,"4,296",N/A,"Lifelong LLKS03 Foldable Kick Skating Cycle| Skate Scooter for Kids(Max User Weight: 50Kg) Kids Scooter (Pink, Blue)",Sports
"Boldfit Natural Rubber Heavy Resistance Band For Workout Set Exercise&Stretching Pull Up Bands For Home Exercise For Gym Men&Women Resistance Bands Loop Bands Toning Bands Resistance,Yellow (3-7 Kg)",₹195.00,"11,788",N/A,"Boldfit Natural Rubber Heavy Resistance Band For Workout Set Exercise&Stretching Pull Up Bands For Home Exercise For Gym Men&Women Resistance Bands Loop Bands Toning Bands Resistance,Yellow (3-7 Kg)",Sports
"Boldfit Skipping Rope for Men and Women Jumping Rope With Adjustable Height Speed Skipping Rope for Kids, Women, Girls Rassi Jumping Men for Exercise, Gym, Sports Fitness - Black, Polyvinyl Chlorine",₹117.00,"9,606",N/A,"Boldfit Skipping Rope for Men and Women Jumping Rope With Adjustable Height Speed Skipping Rope for Kids, Women, Girls Rassi Jumping Men for Exercise, Gym, Sports Fitness - Black, Polyvinyl Chlorine",Sports
Fitkit Classic Bottle Shaker 700ml,₹99.00,"19,336",N/A,Fitkit Classic Bottle Shaker 700ml,Sports
Boldfit Yoga Mats For Women Yoga Mat For Men Exercise Mat For Home Workout Gym Mat Anti Slip Yoga Mat 4Mm Workout Mat Yoga Mat For Kids Yoga Mate Gym Mats For Workout At Home,₹347.00,"20,955",N/A,Boldfit Yoga Mats For Women Yoga Mat For Men Exercise Mat For Home Workout Gym Mat Anti Slip Yoga Mat 4Mm Workout Mat Yoga Mat For Kids Yoga Mate Gym Mats For Workout At Home,Sports
Fitness Mantra® Counter 10KG To 60KG Weight Adjustable Professional Counter Hand Gripper for Men & Women | Counter Hand Grip|Finger Exerciser|Power Gripper|Black Color|,₹149.00,"1,156",N/A,Fitness Mantra® Counter 10KG To 60KG Weight Adjustable Professional Counter Hand Gripper for Men & Women | Counter Hand Grip|Finger Exerciser|Power Gripper|Black Color|,Sports
Yonex Mavis 350 Green Cap Nylon Shuttlecock (Yellow),"₹1,199.00","29,749",N/A,Yonex Mavis 350 Green Cap Nylon Shuttlecock (Yellow),Sports
Fitness Mantra® Winter Sports Cap & Muffler for Men & Women| Beanie Cap| 1 Set| (Multicolor),₹99.00,214,N/A,Fitness Mantra® Winter Sports Cap & Muffler for Men & Women| Beanie Cap| 1 Set| (Multicolor),Sports
"SLOVIC Resistance Tube (1 Year Warranty) with 30+ Exercise E-Guide & Foam Handle, Suitable for Home and Gym for Men and Women, Multipurpose Resistance Tube Band (Red = 15kg)",₹229.00,"4,760",N/A,"SLOVIC Resistance Tube (1 Year Warranty) with 30+ Exercise E-Guide & Foam Handle, Suitable for Home and Gym for Men and Women, Multipurpose Resistance Tube Band (Red = 15kg)",Sports
"Boldfit Polyester Wrist Supporter for Gym Wrist Band for Men Gym & Women with Thumb Loop Straps Accessories for Men Hand Grip & Wrist Support Sports Straps for Gym, Weightlifting -(Grey)",₹219.00,"9,713",N/A,"Boldfit Polyester Wrist Supporter for Gym Wrist Band for Men Gym & Women with Thumb Loop Straps Accessories for Men Hand Grip & Wrist Support Sports Straps for Gym, Weightlifting -(Grey)",Sports
"Boldfit Nylon Wrist Supporter for Gym Wrist Band for Men Gym&Women with Thumb Loop Straps-Wrist Wrap Gym Accessories for Men Hand Grip&Wrist Support Sports Straps for Gym,Weightlifting-Grey,One Size",₹199.00,"4,726",N/A,"Boldfit Nylon Wrist Supporter for Gym Wrist Band for Men Gym&Women with Thumb Loop Straps-Wrist Wrap Gym Accessories for Men Hand Grip&Wrist Support Sports Straps for Gym,Weightlifting-Grey,One Size",Sports
"Fitness Mantra® Adjustable Length Skipping Rope/Jumping Rope for Men and Women (Color- Black, Qty- 1 Pcs.)",₹39.00,240,N/A,"Fitness Mantra® Adjustable Length Skipping Rope/Jumping Rope for Men and Women (Color- Black, Qty- 1 Pcs.)",Sports
"Eveready CITYLITE Multipurpose Emergency Rechargeable Lantern | HL50 | 2W Torch & 3W Lantern | Micro USB Fast Charging | Overcharge Protection | Powered by 3.7V Li-Ion Battery | Red, Blue & Green",₹329.00,"3,410",N/A,"Eveready CITYLITE Multipurpose Emergency Rechargeable Lantern | HL50 | 2W Torch & 3W Lantern | Micro USB Fast Charging | Overcharge Protection | Powered by 3.7V Li-Ion Battery | Red, Blue & Green",Sports
Fitness Mantra® Weight Adjustable Hight Quality Hand Gripper for Men & Women |Hand Grip|Finger Exerciser|Power Gripper|Hand Exerciser Equipment|Hand Strengtheners| Color Black| 10KG-40KG|,₹99.00,"2,475",N/A,Fitness Mantra® Weight Adjustable Hight Quality Hand Gripper for Men & Women |Hand Grip|Finger Exerciser|Power Gripper|Hand Exerciser Equipment|Hand Strengtheners| Color Black| 10KG-40KG|,Sports
"Yonex Mavis 200i Nylon Shuttle Cock, Pack of 6 (Yellow)",₹499.00,"30,400",N/A,"Yonex Mavis 200i Nylon Shuttle Cock, Pack of 6 (Yellow)",Sports
"Boldfit Gym Gloves for Men Workout Wrist Support Gym Gloves Weightlifting Gym Gloves for Women Breathable Gym Accessories for Men Workout Hand Gloves for Gym Women Gloves for Gym Workout, Large",₹349.00,"4,054",N/A,"Boldfit Gym Gloves for Men Workout Wrist Support Gym Gloves Weightlifting Gym Gloves for Women Breathable Gym Accessories for Men Workout Hand Gloves for Gym Women Gloves for Gym Workout, Large",Sports
"Amazon Brand - Symactive Pvc 20 Kg Adjustable Dumbbells Fitness Kit For Full Body Workout (2 Kg X 4 + 3 Kg X 4 Kg Pvc Weight, One Pair 14'' Dumbbell Rods&Nuts),Black",₹429.00,224,N/A,"Amazon Brand - Symactive Pvc 20 Kg Adjustable Dumbbells Fitness Kit For Full Body Workout (2 Kg X 4 + 3 Kg X 4 Kg Pvc Weight, One Pair 14'' Dumbbell Rods&Nuts),Black",Sports
"Boldfit Resistance Bands Mini Loop Set (Pack of 5) Hip Band Toning Exercise Band for Gym Booty Belt Latex Band Thera Band Theraband for Fitness, Multicolor",₹659.00,"4,986",N/A,"Boldfit Resistance Bands Mini Loop Set (Pack of 5) Hip Band Toning Exercise Band for Gym Booty Belt Latex Band Thera Band Theraband for Fitness, Multicolor",Sports
Hundred Cosmogear Badminton Kit-Bag (Navy)|Double Zipper|Bag with Front Zipper Pocket,₹599.00,"1,333",N/A,Hundred Cosmogear Badminton Kit-Bag (Navy)|Double Zipper|Bag with Front Zipper Pocket,Sports
SELLORIA Brand Soft Cotton Adjustable Unisex Cap for Men and Women Freesize Baseball Caps (Pack of 2),₹189.00,"1,027",N/A,SELLORIA Brand Soft Cotton Adjustable Unisex Cap for Men and Women Freesize Baseball Caps (Pack of 2),Sports
"Boldfit Adjustable Hand Grip Strengthener, Hand Gripper With Counter for Men & Women for Gym Workout Hand Exercise Equipment to Use in Home for Forearm Exercise, Finger Exercise Power Gripper - 60kg",₹279.00,"4,422",N/A,"Boldfit Adjustable Hand Grip Strengthener, Hand Gripper With Counter for Men & Women for Gym Workout Hand Exercise Equipment to Use in Home for Forearm Exercise, Finger Exercise Power Gripper - 60kg",Sports
Techista 2-in-1 Rechargeable - Cycle Light (3 Modes) Cycle Light and Horn/Cycle Lights Rechargeable Waterproof (140 dB) Cycle Light with Horn Cycle LED Front Light | Cycle Bell,₹249.00,"7,750",N/A,Techista 2-in-1 Rechargeable - Cycle Light (3 Modes) Cycle Light and Horn/Cycle Lights Rechargeable Waterproof (140 dB) Cycle Light with Horn Cycle LED Front Light | Cycle Bell,Sports
"Bodyband Abs Roller for Men & Women Stomach Abs Roller Wheel for Home Workout, Gym Ab Roller for Men Abs Workout Equipment for Abdominal Ab Roller Home Exercise Equipment With Knee Mat -Yellow Black",₹199.00,590,N/A,"Bodyband Abs Roller for Men & Women Stomach Abs Roller Wheel for Home Workout, Gym Ab Roller for Men Abs Workout Equipment for Abdominal Ab Roller Home Exercise Equipment With Knee Mat -Yellow Black",Sports
Lifelong LLYM92 Yoga mat for Women & Men EVA Material 4mm Grey Anti Slip for Gym Workout,₹299.00,"5,100",N/A,Lifelong LLYM92 Yoga mat for Women & Men EVA Material 4mm Grey Anti Slip for Gym Workout,Sports
"JK Copier Paper 75GSM A4, 1 Ream (500Sheets)",₹375.00,"16,784",,"JK Copier Paper 75GSM A4, 1 Ream (500Sheets)",Office
"Scotch 3M Scotch Extreme Double Sided Tape, 1M Holds 6.7Kg, Works On Uneven Surfaces, Weather Resistant, Works On Indoor, Outdoor, Auto Interior Surfaces",₹225.00,"3,904",N/A,"Scotch 3M Scotch Extreme Double Sided Tape, 1M Holds 6.7Kg, Works On Uneven Surfaces, Weather Resistant, Works On Indoor, Outdoor, Auto Interior Surfaces",Office
Casio FX-991ES Plus-2nd Edition Scientific Calculator,"₹1,394.00","10,756",N/A,Casio FX-991ES Plus-2nd Edition Scientific Calculator,Office
"Scotch Double Sided Tape by 3M (1m holds 4.5Kgs) for indoor hanging applications (Photo frames, Mirrors, Key Holders, Car Interiors, Extension Boards, Wall decoration, etc)(L: 3m, W: 24mm), grey",₹180.00,"22,155",N/A,"Scotch Double Sided Tape by 3M (1m holds 4.5Kgs) for indoor hanging applications (Photo frames, Mirrors, Key Holders, Car Interiors, Extension Boards, Wall decoration, etc)(L: 3m, W: 24mm), grey",Office
"FLAIR Pastel 5 Shades Hi-lighter Pouch Pack | Flexible Line Width | Quick Drying & Smudge Proof Pastel Ink | Non-Toxic Ink, Safe For Childrens | 5 Smoothing Colors, Pack of 1",₹125.00,964,N/A,"FLAIR Pastel 5 Shades Hi-lighter Pouch Pack | Flexible Line Width | Quick Drying & Smudge Proof Pastel Ink | Non-Toxic Ink, Safe For Childrens | 5 Smoothing Colors, Pack of 1",Office
"Reynolds AEROSLIM Ball Pen SET - 25 PENS (15 BLUE, 5 Black, 5 Red) | PENS WITH COMFORTABLE GRIP |BALL PENS FOR WRITING | PEN FOR STUDENTS & OFFICE STATIONERY | 0.7 mm TIP SIZE",₹119.00,"8,314",N/A,"Reynolds AEROSLIM Ball Pen SET - 25 PENS (15 BLUE, 5 Black, 5 Red) | PENS WITH COMFORTABLE GRIP |BALL PENS FOR WRITING | PEN FOR STUDENTS & OFFICE STATIONERY | 0.7 mm TIP SIZE",Office
Casio MJ-12D 150 Steps Check and Correct Desktop Calculator,₹440.00,"12,040",N/A,Casio MJ-12D 150 Steps Check and Correct Desktop Calculator,Office
"Solimo Expanding File Folder with 13 Pockets, Handle, and Buckle Closure, for A4 Size Documents (Grey)",₹299.00,"1,323",N/A,"Solimo Expanding File Folder with 13 Pockets, Handle, and Buckle Closure, for A4 Size Documents (Grey)",Office
Casio FX-991CW Classwiz Non-Programmable Scientific Calculator,"₹1,545.00","15,663",N/A,Casio FX-991CW Classwiz Non-Programmable Scientific Calculator,Office
Pentonic 0.7 mm Ball Pen Blister Pack | Black Body | Blue Ink | Set of 10 Pens,₹120.00,"18,630",N/A,Pentonic 0.7 mm Ball Pen Blister Pack | Black Body | Blue Ink | Set of 10 Pens,Office
"FLAIR Move Gel Pen | Minimalistic & Aesthetic Matt Finish Pastel Body Colors | Effortless Writing With Sleek Clip Design | Blue Ink, Set Of 10",₹100.00,63,N/A,"FLAIR Move Gel Pen | Minimalistic & Aesthetic Matt Finish Pastel Body Colors | Effortless Writing With Sleek Clip Design | Blue Ink, Set Of 10",Office
Cello Whitemate Whiteboard BoldMarkers | Set of 6 | Assorted Ink Colours | Whiteboard Marker with Easily Erasable Ink | Refillable Whiteboard Markers Markers,₹149.00,"10,609",N/A,Cello Whitemate Whiteboard BoldMarkers | Set of 6 | Assorted Ink Colours | Whiteboard Marker with Easily Erasable Ink | Refillable Whiteboard Markers Markers,Office
Shuttle Art 6 Pcs Aesthetic Cute Highlighters Bible Highlighters,₹189.00,"1,098",N/A,Shuttle Art 6 Pcs Aesthetic Cute Highlighters Bible Highlighters,Office
"Unity Brand 3 Meter Multipurpose Double Sided Tape Heavy Duty - Adhesive Silicone Tape, Heat Resistant, Multi-Functional, Removable, Washable, Reusable Anti-Slip Gel Nano Grip Tape (1 PACK)",₹239.00,146,N/A,"Unity Brand 3 Meter Multipurpose Double Sided Tape Heavy Duty - Adhesive Silicone Tape, Heat Resistant, Multi-Functional, Removable, Washable, Reusable Anti-Slip Gel Nano Grip Tape (1 PACK)",Office
"Kadam Fabric Dye Multicolour Combo (C1: Vivid- Lemon Yellow, Orange, Red, Violet, Blue, Sky Blue, Brown, Parrot Green, Baby Pink, Teal Green)",₹299.00,"2,214",N/A,"Kadam Fabric Dye Multicolour Combo (C1: Vivid- Lemon Yellow, Orange, Red, Violet, Blue, Sky Blue, Brown, Parrot Green, Baby Pink, Teal Green)",Office
"Scotch 3M Scotch Scissors | 6"" Multipurpose | Comfort Grip Handle And Stainless Steel Blades | Paper, Photos, Crafts",₹224.00,"5,787",N/A,"Scotch 3M Scotch Scissors | 6"" Multipurpose | Comfort Grip Handle And Stainless Steel Blades | Paper, Photos, Crafts",Office
"Eclet Nano Double Sided Tape, Multipurpose Super Sticky Gel Grip Mounting Tape, Washable, Reusable, No Residue, for Home & Office, 2mm Thick, 1.2 Inch Wide, Transparent (3 mtrs)",₹115.00,550,N/A,"Eclet Nano Double Sided Tape, Multipurpose Super Sticky Gel Grip Mounting Tape, Washable, Reusable, No Residue, for Home & Office, 2mm Thick, 1.2 Inch Wide, Transparent (3 mtrs)",Office
"Grandink Portable Lightweight Tripod Easel for Professional Artists, Metal Display Easel Stand with Adjustable Height for Painting, Display and Advertisement Purposes - 5FT(Holds Canvas up to 1 kg)",₹599.00,"1,279",N/A,"Grandink Portable Lightweight Tripod Easel for Professional Artists, Metal Display Easel Stand with Adjustable Height for Painting, Display and Advertisement Purposes - 5FT(Holds Canvas up to 1 kg)",Office
"Amazon Basics - Cable Management Box with Mobile Stand - Power Strip, Cords, Wires | Surge Protector Hiding Cover Organizer for Home, Office (White)",₹399.00,293,N/A,"Amazon Basics - Cable Management Box with Mobile Stand - Power Strip, Cords, Wires | Surge Protector Hiding Cover Organizer for Home, Office (White)",Office
"LAURET BLANC Notebook Journal - A5 Size, 144 Ruled Pages, 90 GSM Natural Shade, Paperback",₹189.00,"1,847",N/A,"LAURET BLANC Notebook Journal - A5 Size, 144 Ruled Pages, 90 GSM Natural Shade, Paperback",Office
"Casio FX-82MS 2nd Gen Non-Programmable Scientific Calculator, 240 Functions and 2-line Display",₹599.00,"11,339",N/A,"Casio FX-82MS 2nd Gen Non-Programmable Scientific Calculator, 240 Functions and 2-line Display",Office
Pentonic 0.6 mm-1.0 mm Gel Pen Blister Pack With Hard Box Case | Black Body | Multicolor Ink | Set of 10 Pens,₹150.00,"6,165",N/A,Pentonic 0.6 mm-1.0 mm Gel Pen Blister Pack With Hard Box Case | Black Body | Multicolor Ink | Set of 10 Pens,Office
Classmate Pulse Single Subject Spiral Notebook - Pack of 4 | Unruled | 200 Pages | 24.0cm x 18.0cm | Attractive Cover Designs | Soft Cover |Notebooks for College Students,₹294.00,"1,475",N/A,Classmate Pulse Single Subject Spiral Notebook - Pack of 4 | Unruled | 200 Pages | 24.0cm x 18.0cm | Attractive Cover Designs | Soft Cover |Notebooks for College Students,Office
"SNDIA 50 Pcs Key Tag Multicolor Keyring & Keychain With Name Tag Labels Assorted Keychain With Two Side Id Label And Split Ring For Office, Home Key -Plastic",₹199.00,"7,821",N/A,"SNDIA 50 Pcs Key Tag Multicolor Keyring & Keychain With Name Tag Labels Assorted Keychain With Two Side Id Label And Split Ring For Office, Home Key -Plastic",Office
COI Note Pad/Memo Book with Sticky Notes & Clip Holder with Pen for Gifting,₹199.00,"12,493",N/A,COI Note Pad/Memo Book with Sticky Notes & Clip Holder with Pen for Gifting,Office
Cello Finegrip Ball Pen | Blue Ball Pens | Jar of 25 Units | Best Ball Pens for Smooth Writing | Ball Point Pen Set | Pens for Students and Professionals Stationery,₹142.00,"22,017",N/A,Cello Finegrip Ball Pen | Blue Ball Pens | Jar of 25 Units | Best Ball Pens for Smooth Writing | Ball Point Pen Set | Pens for Students and Professionals Stationery,Office
"BRUSTRO White Gel Pen | Tip size -1 mm|Pack of 3 | Ideal for Students and Adults, Drawing, Mandala Arts, Students, Office Use, Writing, Pen Set",₹143.00,"1,059",N/A,"BRUSTRO White Gel Pen | Tip size -1 mm|Pack of 3 | Ideal for Students and Adults, Drawing, Mandala Arts, Students, Office Use, Writing, Pen Set",Office
Flair Hauser XO Multicolor Gel Pen with Hard Box Case | Sleek Body & Minimalistic Design | Matt Finish | Ultra Durable Tip | Set Of 12 Bright Ink Colors,₹150.00,769,N/A,Flair Hauser XO Multicolor Gel Pen with Hard Box Case | Sleek Body & Minimalistic Design | Matt Finish | Ultra Durable Tip | Set Of 12 Bright Ink Colors,Office
"Birch & Co. Gift Wrapping Paper Sheet - Gift Paper - Gift Wrap Roll -Gift Cover Rapping Paper - Gift Packing Materials - Premium Design Paper sheet for Gift Packing, Mix, Pack of 6, Multicolor",₹251.00,"1,079",N/A,"Birch & Co. Gift Wrapping Paper Sheet - Gift Paper - Gift Wrap Roll -Gift Cover Rapping Paper - Gift Packing Materials - Premium Design Paper sheet for Gift Packing, Mix, Pack of 6, Multicolor",Office
"Hauser XO 0.7mm Ball Pen Tumbler | Sleek Body & Minimalistic Design | Matt Finish & Solid Body Type | Low Viscosity Ink with Ultra Durable Tip | Blue, Black & Red Ink, Pack of 50 Pens",₹399.00,"7,229",N/A,"Hauser XO 0.7mm Ball Pen Tumbler | Sleek Body & Minimalistic Design | Matt Finish & Solid Body Type | Low Viscosity Ink with Ultra Durable Tip | Blue, Black & Red Ink, Pack of 50 Pens",Office
"Cetaphil Face Wash Gentle Skin Cleanser for Dry to Normal, Sensitive Skin, 125 ml Hydrating Face Wash with Niacinamide, Vitamin B5",₹359.00,"2,468",N/A,"Cetaphil Face Wash Gentle Skin Cleanser for Dry to Normal, Sensitive Skin, 125 ml Hydrating Face Wash with Niacinamide, Vitamin B5",Beauty
"The Derma Co 1% Hyaluronic Sunscreen SPF 50 Aqua Gel, PA++++, Lightweight, No white-cast for Broad Spectrum & Blue Light Protection for Oily, Dry, Acne-prone Skin - 30g",₹268.00,"23,605",N/A,"The Derma Co 1% Hyaluronic Sunscreen SPF 50 Aqua Gel, PA++++, Lightweight, No white-cast for Broad Spectrum & Blue Light Protection for Oily, Dry, Acne-prone Skin - 30g",Beauty
"Dettol Original Germ Protection Bathing Soap Bar (400gm) | Kills 99.99% germs, 100g - Pack of 4",₹130.00,"21,479",N/A,"Dettol Original Germ Protection Bathing Soap Bar (400gm) | Kills 99.99% germs, 100g - Pack of 4",Beauty
"L'Oreal Paris Moisture Sealing Conditioner, With Hyaluronic Acid, For Dry & Dehydrated Hair, Adds Hydration, Shine & Bounce, Hyaluron Moisture 72H, 180ml",₹242.00,"1,335",N/A,"L'Oreal Paris Moisture Sealing Conditioner, With Hyaluronic Acid, For Dry & Dehydrated Hair, Adds Hydration, Shine & Bounce, Hyaluron Moisture 72H, 180ml",Beauty
"L'Oreal Paris Serum, Protection and Shine, For Dry, Flyaway & Frizzy Hair, With 6 Rare Flower Oils, Extraordinary Oil, 100ml",₹389.00,"10,860",N/A,"L'Oreal Paris Serum, Protection and Shine, For Dry, Flyaway & Frizzy Hair, With 6 Rare Flower Oils, Extraordinary Oil, 100ml",Beauty
"Khadi Natural Amla & Bhringraj Shampoo/Cleanser for Controlling Dandruff & Hair fall | Shampoo for Reducing Scalp Irritation | Paraben & Sulphate-Free | Suitable for All Hair Types, 210ml",₹139.00,"33,930",N/A,"Khadi Natural Amla & Bhringraj Shampoo/Cleanser for Controlling Dandruff & Hair fall | Shampoo for Reducing Scalp Irritation | Paraben & Sulphate-Free | Suitable for All Hair Types, 210ml",Beauty
"L'Oreal Paris Moisture Filling Shampoo With Hyaluronic Acid | For Dry & Dehydrated Hair, Adds Shine & Bounce, Hyaluron Moisture 72H, 340ml | L'Oreal Paris",₹257.00,"33,507",N/A,"L'Oreal Paris Moisture Filling Shampoo With Hyaluronic Acid | For Dry & Dehydrated Hair, Adds Shine & Bounce, Hyaluron Moisture 72H, 340ml | L'Oreal Paris",Beauty
Dettol Liquid Handwash Refill - Original Hand Wash- 1350ml | Germ Defence Formula | 10x Better Germ Protection,₹182.00,"8,496",N/A,Dettol Liquid Handwash Refill - Original Hand Wash- 1350ml | Germ Defence Formula | 10x Better Germ Protection,Beauty
"Simple Kind To Skin Refreshing Face Wash 150 ml | 100% soap-free gentle cleanser for sensitive, dry & oily skin, for women & men",₹340.00,"81,765",N/A,"Simple Kind To Skin Refreshing Face Wash 150 ml | 100% soap-free gentle cleanser for sensitive, dry & oily skin, for women & men",Beauty
NIVEA Nourishing Body Milk 600ml Body Lotion | 48 H Moisturization | With 2X Almond Oil | Smooth and Healthy Looking Skin |For Very Dry Skin,₹405.42,"19,820",N/A,NIVEA Nourishing Body Milk 600ml Body Lotion | 48 H Moisturization | With 2X Almond Oil | Smooth and Healthy Looking Skin |For Very Dry Skin,Beauty
Alps Goodness Rosemary Water Spray For Hair Growth (200 ml) | Hair Spray for Regrowth | Rosemary Hair Mist | Adds Shine | Helps Reduce Hairfall | Strengthens Hair | Suitable For All Hair Types,₹285.00,"51,360",N/A,Alps Goodness Rosemary Water Spray For Hair Growth (200 ml) | Hair Spray for Regrowth | Rosemary Hair Mist | Adds Shine | Helps Reduce Hairfall | Strengthens Hair | Suitable For All Hair Types,Beauty
"WishCare Hair Growth Serum Concentrate - Rosemary, 3% Redensyl, 4% Anagain, 2% Baicapil, Caffeine, Biotin, Plant Keratin & Rice Water - Hair Growth Serum for Men & Women",₹681.00,"1,424",N/A,"WishCare Hair Growth Serum Concentrate - Rosemary, 3% Redensyl, 4% Anagain, 2% Baicapil, Caffeine, Biotin, Plant Keratin & Rice Water - Hair Growth Serum for Men & Women",Beauty
"NIVEA Soft Light Moisturizer, 300 ml, for Face, Hand & Body, Non-Greasy Cream with Vitamin E & Jojoba Oil for Instant Hydration",₹319.00,"6,082",N/A,"NIVEA Soft Light Moisturizer, 300 ml, for Face, Hand & Body, Non-Greasy Cream with Vitamin E & Jojoba Oil for Instant Hydration",Beauty
"Deconstruct Face Gel Sunscreen Spf 55+ And Pa+++ |For Oily Skin, Combination Skin, Normal Skin | Broad Spectrum Sunscreen, No White Cast, Lightweight, Non Greasy",₹321.00,"61,789",N/A,"Deconstruct Face Gel Sunscreen Spf 55+ And Pa+++ |For Oily Skin, Combination Skin, Normal Skin | Broad Spectrum Sunscreen, No White Cast, Lightweight, Non Greasy",Beauty
"Maybelline New York Colossal Kajal, Intense Colour, Waterproof, Long lasting 24Hrs Stay, Black, 0.35g",₹109.00,"2,581",N/A,"Maybelline New York Colossal Kajal, Intense Colour, Waterproof, Long lasting 24Hrs Stay, Black, 0.35g",Beauty
"Minimalist 2% Salicylic Acid Face Wash For Oily Skin | Sulphate free, Anti Acne Face Cleanser With LHA & Zinc For Acne or Pimples | For Women & Men | 100 ml",₹284.00,"34,644",N/A,"Minimalist 2% Salicylic Acid Face Wash For Oily Skin | Sulphate free, Anti Acne Face Cleanser With LHA & Zinc For Acne or Pimples | For Women & Men | 100 ml",Beauty
"Pears Pure & Gentle Soap Bar (Buy 4 get 1 free) - With Glycerin for Soft, Glowing Skin & Body, Paraben-Free Body Soaps For Bath",₹372.00,"16,057",N/A,"Pears Pure & Gentle Soap Bar (Buy 4 get 1 free) - With Glycerin for Soft, Glowing Skin & Body, Paraben-Free Body Soaps For Bath",Beauty
"Chemist At Play Exfoliating Body Wash 236ml | 4% (Salicylic Acid, Vitamin E and Lactic Acid) | Paraben & SLS Free | Gentle Exfoliating Shower Gel | Removes Tan| Prevents Dry, Rough, Bumpy Skin | Men & Women",₹369.00,"50,966",N/A,"Chemist At Play Exfoliating Body Wash 236ml | 4% (Salicylic Acid, Vitamin E and Lactic Acid) | Paraben & SLS Free | Gentle Exfoliating Shower Gel | Removes Tan| Prevents Dry, Rough, Bumpy Skin | Men & Women",Beauty
"Scalpe Pro Daily Anti-Dandruff Shampoo | Removes Dandruff From Source | Helps With Itching, Irritation & Redness Accompanying Dandruff | Climbazole & Zpto Formulation | For Women & Men | 100Ml",₹179.00,"3,714",N/A,"Scalpe Pro Daily Anti-Dandruff Shampoo | Removes Dandruff From Source | Helps With Itching, Irritation & Redness Accompanying Dandruff | Climbazole & Zpto Formulation | For Women & Men | 100Ml",Beauty
POND'S Super Light Gel Oil Free Face Moisturizer 100 ml | With Hyaluronic Acid & Vitamin E for Fresh Glowing Skin & 24 hr Hydration - Daily Use,₹221.00,"19,723",N/A,POND'S Super Light Gel Oil Free Face Moisturizer 100 ml | With Hyaluronic Acid & Vitamin E for Fresh Glowing Skin & 24 hr Hydration - Daily Use,Beauty
"RENEE Midnight Kohl Pencil - Smudgeproof and Waterproof Kajal - 24 Hrs Long Stay - Darkest Black - One Swipe Application - Rich Color Payoff - Vitamin E, Olive Oil and Castor Oil - 1.5 Gm",₹369.00,"5,446",N/A,"RENEE Midnight Kohl Pencil - Smudgeproof and Waterproof Kajal - 24 Hrs Long Stay - Darkest Black - One Swipe Application - Rich Color Payoff - Vitamin E, Olive Oil and Castor Oil - 1.5 Gm",Beauty
"Bella Vita Luxury Woman Eau De Parfum Gift Set 4x20 ml for Women with Date, Senorita, Glam, Rose Perfume|Floral, Fruity Long Lasting EDP Fragrance Scent",₹499.00,"3,361",N/A,"Bella Vita Luxury Woman Eau De Parfum Gift Set 4x20 ml for Women with Date, Senorita, Glam, Rose Perfume|Floral, Fruity Long Lasting EDP Fragrance Scent",Beauty
"Mysore Sandal Soap,450g (150x3) (Pack Of 3)",₹220.00,"19,122",N/A,"Mysore Sandal Soap,450g (150x3) (Pack Of 3)",Beauty
"Garnier Skin Naturals, Face Serum, Increases Skin's Glow Instantly and Reduces Spots Overtime, Bright Complete Vitamin C Booster, 30 ml",₹389.00,"31,689",N/A,"Garnier Skin Naturals, Face Serum, Increases Skin's Glow Instantly and Reduces Spots Overtime, Bright Complete Vitamin C Booster, 30 ml",Beauty
NIVEA MEN Fresh Active 50ml Deo Roll On | With Fresh Ocean Extracts| 48 H Freshness| 0% Alcohol | Dermatalogically Approved & Paraben Free Formula,₹150.50,"34,790",N/A,NIVEA MEN Fresh Active 50ml Deo Roll On | With Fresh Ocean Extracts| 48 H Freshness| 0% Alcohol | Dermatalogically Approved & Paraben Free Formula,Beauty
"Muuchstac Ocean Face Wash for Men | Fight Acne & Pimples, Brighten Skin, Clears Dirt, Oil Control, Refreshing Feel - Multi-Action Formula (2x100 ml)",₹299.00,"62,770",N/A,"Muuchstac Ocean Face Wash for Men | Fight Acne & Pimples, Brighten Skin, Clears Dirt, Oil Control, Refreshing Feel - Multi-Action Formula (2x100 ml)",Beauty
Dettol Liquid Handwash Refill – Skincare Hand Wash- 1350ml | pH Balanced | 10x Better Germ Protection,₹182.00,"10,343",N/A,Dettol Liquid Handwash Refill – Skincare Hand Wash- 1350ml | pH Balanced | 10x Better Germ Protection,Beauty
"Cetaphil Oily Skin Cleanser , Daily Face Wash For Oily, Acne Prone Skin , Gentle Foaming, 125Ml",₹584.00,"49,019",N/A,"Cetaphil Oily Skin Cleanser , Daily Face Wash For Oily, Acne Prone Skin , Gentle Foaming, 125Ml",Beauty
"Bella Vita Luxury Man Perfume Gift Set 4 x 20 ml for Men with KLUB, OUD, CEO, G.O.A.T Perfume | Woody, Citrusy Long Lasting EDP Fragrance Scent",₹499.00,"11,238",N/A,"Bella Vita Luxury Man Perfume Gift Set 4 x 20 ml for Men with KLUB, OUD, CEO, G.O.A.T Perfume | Woody, Citrusy Long Lasting EDP Fragrance Scent",Beauty
Dulhan Hum Le Jayenge 2000 [Audio CD] Music Himesh Reshammiya,₹190.00,7,,Dulhan Hum Le Jayenge 2000 [Audio CD] Music Himesh Reshammiya,Music
"DesiDiya® 35 Feet Long LED Power Pixel Serial String Light, 360 Degree Light in Bulb | Copper Led Pixel String Light for Home Decoration,Diwali,Christmas(Warm White) Pack of 1",₹99.00,"15,864",,"DesiDiya® 35 Feet Long LED Power Pixel Serial String Light, 360 Degree Light in Bulb | Copper Led Pixel String Light for Home Decoration,Diwali,Christmas(Warm White) Pack of 1",Kitchen
"Amazon Brand - Presto! Garbage Bags Medium 180 Count|19 x 21 inches Black , For Dry & Wet waste|30 bags/roll (Pack of 6)",₹335.00,"48,090",N/A,"Amazon Brand - Presto! Garbage Bags Medium 180 Count|19 x 21 inches Black , For Dry & Wet waste|30 bags/roll (Pack of 6)",Kitchen
"Zulaxy Photo Frame Hooks for Wall Without Drilling, 10 Pack Self Adhesive Hooks for Wall Heavy Duty Strong Nail Free for Hanging Photo Frame (Hanging Hook, Transparent) Stainless Steel",₹274.00,"7,992",N/A,"Zulaxy Photo Frame Hooks for Wall Without Drilling, 10 Pack Self Adhesive Hooks for Wall Heavy Duty Strong Nail Free for Hanging Photo Frame (Hanging Hook, Transparent) Stainless Steel",Kitchen
"Lexton 36 Feet Long 40 LED Power Pixel Serial String/Fairy Light | Plug Sourced | Suitable for Home & Outdoor Decoration, Diwali, Christmas, Ramadan, Wedding, Party, Festival (Pack of 1 Warm White)",₹99.00,"13,657",N/A,"Lexton 36 Feet Long 40 LED Power Pixel Serial String/Fairy Light | Plug Sourced | Suitable for Home & Outdoor Decoration, Diwali, Christmas, Ramadan, Wedding, Party, Festival (Pack of 1 Warm White)",Kitchen
"Amazon Brand - Solimo Wax Tealight Candles, 3-Hour Burn Time, Smokeless, No Residue (Set of 100, Unscented)",₹379.00,"76,686",N/A,"Amazon Brand - Solimo Wax Tealight Candles, 3-Hour Burn Time, Smokeless, No Residue (Set of 100, Unscented)",Kitchen
"nutripro Copper Juicer Mixer Grinder - Smoothie Maker - 500 Watts (3 Jars, Silver) - 2 Year Warranty","₹1,649.00","14,658",N/A,"nutripro Copper Juicer Mixer Grinder - Smoothie Maker - 500 Watts (3 Jars, Silver) - 2 Year Warranty",Kitchen
Ezee Black Garbage Bags for Dustbin | 90 Pcs | Medium 19 X 21 Inches | 30 Pcs x Pack of 3,₹159.00,"34,487",N/A,Ezee Black Garbage Bags for Dustbin | 90 Pcs | Medium 19 X 21 Inches | 30 Pcs x Pack of 3,Kitchen
"Pigeon by Stovekraft Amaze Plus Electric Kettle (14289) with Stainless Steel Body, 1.5 litre, used for boiling Water, making tea and coffee, instant noodles, soup etc. (Silver)",₹549.00,"168,402",N/A,"Pigeon by Stovekraft Amaze Plus Electric Kettle (14289) with Stainless Steel Body, 1.5 litre, used for boiling Water, making tea and coffee, instant noodles, soup etc. (Silver)",Kitchen
"HomeStrap Set Of 6 Non-Woven Printed Saree Cover/Cloth Storage/Wardrobe Organizer For Clothes With Transparent Window(Grey)(Shark Tank Featured),45 Cm,22 Cm",₹449.00,"14,593",N/A,"HomeStrap Set Of 6 Non-Woven Printed Saree Cover/Cloth Storage/Wardrobe Organizer For Clothes With Transparent Window(Grey)(Shark Tank Featured),45 Cm,22 Cm",Kitchen
Godrej aer Matic Kit (Machine + 1 Refill) - Automatic Room Fresheners with Flexi Control Spray | Violet Valley Bloom | 2200 Sprays Guaranteed | Lasts up to 60 days (225ml),₹419.00,"23,429",N/A,Godrej aer Matic Kit (Machine + 1 Refill) - Automatic Room Fresheners with Flexi Control Spray | Violet Valley Bloom | 2200 Sprays Guaranteed | Lasts up to 60 days (225ml),Kitchen
"Status Contract Anti Slip Front Door Mat|(38x58cm) Living Room Rug for Entrance Door|Polypropylene Floor Mats for Home|Essential Small Rug for Office, Bedroom & Kitchen| (Blue), Rectangular",₹99.00,"26,056",N/A,"Status Contract Anti Slip Front Door Mat|(38x58cm) Living Room Rug for Entrance Door|Polypropylene Floor Mats for Home|Essential Small Rug for Office, Bedroom & Kitchen| (Blue), Rectangular",Kitchen
"Misamo Enterprise PVC Wall Hooks, Pack of 15, Transparent",₹189.00,"6,758",N/A,"Misamo Enterprise PVC Wall Hooks, Pack of 15, Transparent",Kitchen
JIALTO Adhesive Wall Hook 10 Pack Heavy Duty Wall Hooks for Hanging Wall Decor Items Home Decor Items Wall Clock Hanging Hooks Photo Frame Hooks for Wall Without Drilling Nail Hook Key Holder,₹229.00,"10,557",N/A,JIALTO Adhesive Wall Hook 10 Pack Heavy Duty Wall Hooks for Hanging Wall Decor Items Home Decor Items Wall Clock Hanging Hooks Photo Frame Hooks for Wall Without Drilling Nail Hook Key Holder,Kitchen
"Wakefit 100% Waterproof Premium Cotton Mattress Protector | Breathable and Hypoallergenic Ultra Soft Fitted Bed Protector 78""x72"" - King, Grey","₹1,049.00","104,127",N/A,"Wakefit 100% Waterproof Premium Cotton Mattress Protector | Breathable and Hypoallergenic Ultra Soft Fitted Bed Protector 78""x72"" - King, Grey",Kitchen
"ATOM Digital Kitchen Food Weighing Scale For Healthy Living, Home Baking, Cooking, Fitness & Balanced Diet. | 1 Year Warranty | 10Kg x 1gms with 2 Batteries Included, SF400/A121, Color May vary",₹235.00,"6,271",N/A,"ATOM Digital Kitchen Food Weighing Scale For Healthy Living, Home Baking, Cooking, Fitness & Balanced Diet. | 1 Year Warranty | 10Kg x 1gms with 2 Batteries Included, SF400/A121, Color May vary",Kitchen
"Recron Certified Dream Fibre Pillow (41X61, Fiber;Microfiber, White, Pack Of 2)",₹379.00,"47,874",N/A,"Recron Certified Dream Fibre Pillow (41X61, Fiber;Microfiber, White, Pack Of 2)",Kitchen
"Amazon Brand - Presto! Garbage Bags Large 90 Count|24 x 32 Inches Black , For Dry & Wet waste|15 bags/roll (Pack of 6)",₹345.00,"13,841",N/A,"Amazon Brand - Presto! Garbage Bags Large 90 Count|24 x 32 Inches Black , For Dry & Wet waste|15 bags/roll (Pack of 6)",Kitchen
Shalimar Premium Garbage Bags ( Lavender Fragrance ) Size 19 X 21 Inches (Medium) 120 Bags (4 Rolls) Dustbin Bag/Trash Bag - Black Color,₹299.00,"20,852",N/A,Shalimar Premium Garbage Bags ( Lavender Fragrance ) Size 19 X 21 Inches (Medium) 120 Bags (4 Rolls) Dustbin Bag/Trash Bag - Black Color,Kitchen
"BSB HOME® 200 TC 100% Cotton Feel Bedsheet for Double Bed with Two King Size Pillow Covers Soft/Breathable Wrinkel Free - 90x100 Inches - (Multicolour, Light Pink)",₹199.00,"1,273",N/A,"BSB HOME® 200 TC 100% Cotton Feel Bedsheet for Double Bed with Two King Size Pillow Covers Soft/Breathable Wrinkel Free - 90x100 Inches - (Multicolour, Light Pink)",Kitchen
"Crompton Arno Neo 10-L 5 Star Rated Storage Water Heater (Geyser) with Advanced 3 Level Safety, National Energy Conservation Award Winner 2023","₹4,999.00","24,326",N/A,"Crompton Arno Neo 10-L 5 Star Rated Storage Water Heater (Geyser) with Advanced 3 Level Safety, National Energy Conservation Award Winner 2023",Kitchen
"Pigeon by Stovekraft Favourite Outer Lid Non Induction Aluminium Pressure Cooker, 3 Litres, Silver",₹699.00,"87,141",N/A,"Pigeon by Stovekraft Favourite Outer Lid Non Induction Aluminium Pressure Cooker, 3 Litres, Silver",Kitchen
"Trance 100% Waterproof Premium Cotton Feel Mattress Protector King Size 78x72 Inches | Breathable and Hypoallergenic Ultra Soft Fitted Bed Protector Cover (78""x72"" Fits Upto 10 Inches - King, Grey",₹669.00,"28,868",N/A,"Trance 100% Waterproof Premium Cotton Feel Mattress Protector King Size 78x72 Inches | Breathable and Hypoallergenic Ultra Soft Fitted Bed Protector Cover (78""x72"" Fits Upto 10 Inches - King, Grey",Kitchen
"Pigeon Polypropylene Mini Handy and Compact Chopper with 3 Blades for Effortlessly Chopping Vegetables and Fruits for Your Kitchen (12420, Green, 400 ml)",₹188.00,"260,690",N/A,"Pigeon Polypropylene Mini Handy and Compact Chopper with 3 Blades for Effortlessly Chopping Vegetables and Fruits for Your Kitchen (12420, Green, 400 ml)",Kitchen
"One94Store 36 Feet Long LED Power Pixel Serial String Light, 360 Degree LED Bulb Light Series Copper Led Pixel String Light for Home Diwali, Christmas Decoration (Multicolor, Pack of 1)",₹149.00,"1,149",N/A,"One94Store 36 Feet Long LED Power Pixel Serial String Light, 360 Degree LED Bulb Light Series Copper Led Pixel String Light for Home Diwali, Christmas Decoration (Multicolor, Pack of 1)",Kitchen
"Panasonic 9 Watt Motion Sensor Led B22D Bulb for Home with 3 Mtr Radius Sensor Area,Auto Off After 15 Sec Comes with 30000 Bh Life and 1 Yr Warranty",₹194.00,"5,658",N/A,"Panasonic 9 Watt Motion Sensor Led B22D Bulb for Home with 3 Mtr Radius Sensor Area,Auto Off After 15 Sec Comes with 30000 Bh Life and 1 Yr Warranty",Kitchen
ALOXE Cosmetic Organizer Box Drawers Storage Plastic Stationary Box | Make Up Organiser For Women,₹199.00,"3,764",N/A,ALOXE Cosmetic Organizer Box Drawers Storage Plastic Stationary Box | Make Up Organiser For Women,Kitchen
"Cookwell Bullet Mixer Grinder (5 Jars, 3 Blades, Silver) - Copper, 600 Watts - 2 Year Warranty","₹1,999.00","18,683",N/A,"Cookwell Bullet Mixer Grinder (5 Jars, 3 Blades, Silver) - Copper, 600 Watts - 2 Year Warranty",Kitchen
"GADDA CO Cotton Feel Terry 78x72 inch Ultra Soft Waterproof Mattress Protector King Size | Breathable Hypoallergenic Mattresses Cover for King Size Bed (78x72 inch | 6.5x6 feet, Grey - Pack of 1)",₹627.00,"2,839",N/A,"GADDA CO Cotton Feel Terry 78x72 inch Ultra Soft Waterproof Mattress Protector King Size | Breathable Hypoallergenic Mattresses Cover for King Size Bed (78x72 inch | 6.5x6 feet, Grey - Pack of 1)",Kitchen
Gas Lighter for Kitchen Use | Rechargeable Electric Lighter | Diwali Lighter | Stove & Candle Lighter with USB Charging Port | 1 Year Warranty | 600 Uses in Single Charge,₹298.00,393,N/A,Gas Lighter for Kitchen Use | Rechargeable Electric Lighter | Diwali Lighter | Stove & Candle Lighter with USB Charging Port | 1 Year Warranty | 600 Uses in Single Charge,Kitchen
"Wakefit Height Adjustable Hollow Fiber Sleeping Pillow with Zip |(White and Grey, Standard, Set of 2, Microfiber) 3 Months Warranty",₹879.00,"73,768",N/A,"Wakefit Height Adjustable Hollow Fiber Sleeping Pillow with Zip |(White and Grey, Standard, Set of 2, Microfiber) 3 Months Warranty",Kitchen
SOFTSPUN Microfiber Cloth - 4 pcs - 40x40 cms - 340 GSM Grey! Thick Lint & Streak-Free Multipurpose Cloths - Automotive Microfibre Towels for Car Bike Cleaning Polishing Washing & Detailing.…,₹299.00,"92,403",,SOFTSPUN Microfiber Cloth - 4 pcs - 40x40 cms - 340 GSM Grey! Thick Lint & Streak-Free Multipurpose Cloths - Automotive Microfibre Towels for Car Bike Cleaning Polishing Washing & Detailing.…,Boost
"ALPINO High Protein Super Rolled Oats Chocolate 1kg - Rolled Oats, Natural Peanut Butter & Cocoa Powder – Protein, No Added Sugar & Salt, Gluten Free – As Seen on Shark Tank India",₹489.00,"1,672",N/A,"ALPINO High Protein Super Rolled Oats Chocolate 1kg - Rolled Oats, Natural Peanut Butter & Cocoa Powder – Protein, No Added Sugar & Salt, Gluten Free – As Seen on Shark Tank India",Boost
"Zlade Ballistic LITE PLUS Body Trimmer Men Manscaping, Private Part Shaving, Beard, Pubic Hair Groomer, Waterproof, Rechargeable, Fast Charging, Travel Lock- Color Black","₹1,299.00","5,432",N/A,"Zlade Ballistic LITE PLUS Body Trimmer Men Manscaping, Private Part Shaving, Beard, Pubic Hair Groomer, Waterproof, Rechargeable, Fast Charging, Travel Lock- Color Black",Boost
"Sirona Reusable Menstrual Cup for Women | Medium Size with Pouch | Ultra Soft, Odour & Rash Free|100% Medical Grade Silicone|No Leakage|Protection for Up to 8-10 Hours | US FDA Registered,Pack of 1",₹269.00,"50,358",N/A,"Sirona Reusable Menstrual Cup for Women | Medium Size with Pouch | Ultra Soft, Odour & Rash Free|100% Medical Grade Silicone|No Leakage|Protection for Up to 8-10 Hours | US FDA Registered,Pack of 1",Boost
"Desidiya 8 Modes Curtain Lights 300 LEDs 10 Fairy Light 3Mtr Each Indoor/Outdoor Decoration for Diwali, Christmas, Wedding, Party, Home, Patio Lawn with Remote and USB Power Supply (White), 3 meters",₹449.00,"15,017",N/A,"Desidiya 8 Modes Curtain Lights 300 LEDs 10 Fairy Light 3Mtr Each Indoor/Outdoor Decoration for Diwali, Christmas, Wedding, Party, Home, Patio Lawn with Remote and USB Power Supply (White), 3 meters",Boost
"Desidiya Warm White Diya/Diwali Light Curtain, Led String Copper Lights with Pack of 12 Hanging Diyas, 8 Flashing Modes, Decoration, Prong Base, 2.5 Meters",₹499.00,"15,864",N/A,"Desidiya Warm White Diya/Diwali Light Curtain, Led String Copper Lights with Pack of 12 Hanging Diyas, 8 Flashing Modes, Decoration, Prong Base, 2.5 Meters",Boost
Control D Blue & White Compressor Complete Kit Nebulizer with Child and Adult Masks,₹899.00,"10,318",N/A,Control D Blue & White Compressor Complete Kit Nebulizer with Child and Adult Masks,Boost
"Frido Dual Gel Heavy Duty Trimmable Insoles, For Loose Shoes or Replacing Existing Insoles, Thick Shoe Inserts, Extra Comfort and Support, Proudly Made in India, (Size 8-13 UK) - Pack of 1 Pair",₹645.00,"6,119",N/A,"Frido Dual Gel Heavy Duty Trimmable Insoles, For Loose Shoes or Replacing Existing Insoles, Thick Shoe Inserts, Extra Comfort and Support, Proudly Made in India, (Size 8-13 UK) - Pack of 1 Pair",Boost
"FIXDERMA Shadow Sunscreen Spf 30+ Pa+++ Gel|Sunscreen For Oily Skin, Body&Face|Sun Screen Protector Spf 30|Broad Spectrum Sunscreen For UVA&UVB Protection|Women & Men|Non Greasy&Water Resistant-40Gm",₹169.00,"8,356",N/A,"FIXDERMA Shadow Sunscreen Spf 30+ Pa+++ Gel|Sunscreen For Oily Skin, Body&Face|Sun Screen Protector Spf 30|Broad Spectrum Sunscreen For UVA&UVB Protection|Women & Men|Non Greasy&Water Resistant-40Gm",Boost
"Vooki Ecofriendly Hard Stains Spray and Lime Scale Stain Descaler Remover Spray, 500 Ml Each - (Combo Pack of 2)",₹568.00,"2,883",N/A,"Vooki Ecofriendly Hard Stains Spray and Lime Scale Stain Descaler Remover Spray, 500 Ml Each - (Combo Pack of 2)",Boost
"Vooki Eco-Friendly Heavy Duty All Purpose Hard Stain Cleaner and Kitchen Cleaning Spray, Removes Tough Stove, Oil, Grease, Chimney, Wall, Sink, Countertop, Tiles Stains – 500ml (Pack of 1)",₹298.00,"3,391",N/A,"Vooki Eco-Friendly Heavy Duty All Purpose Hard Stain Cleaner and Kitchen Cleaning Spray, Removes Tough Stove, Oil, Grease, Chimney, Wall, Sink, Countertop, Tiles Stains – 500ml (Pack of 1)",Boost
"Vooki Ecofriendly Tough Lime Scale Hard Water Stain Remover, Spray and Scrub Cleaner for Bathroom,Taps, Faucet, Basins, Showers & Floor Tiles Cleaner- 500 ml (Pack of 2)",₹568.00,"4,670",N/A,"Vooki Ecofriendly Tough Lime Scale Hard Water Stain Remover, Spray and Scrub Cleaner for Bathroom,Taps, Faucet, Basins, Showers & Floor Tiles Cleaner- 500 ml (Pack of 2)",Boost
"SOFTSPUN Microfiber Cleaning Cloths, 4pcs 40x40cms 340GSM Multi-Colour! Highly Absorbent Lint and Streak Free Multi -Purpose Wash Cloth for Kitchen Window Stainless Steel Silverware.……",₹275.00,"13,475",N/A,"SOFTSPUN Microfiber Cleaning Cloths, 4pcs 40x40cms 340GSM Multi-Colour! Highly Absorbent Lint and Streak Free Multi -Purpose Wash Cloth for Kitchen Window Stainless Steel Silverware.……",Boost
INDIGENOUS HONEY Raw Organic Honey NMR Tested NPOP Organic Certified Pure Natural Unprocessed Original Honey - 530 g Glass Jar (Pack of 1),₹474.00,"16,246",N/A,INDIGENOUS HONEY Raw Organic Honey NMR Tested NPOP Organic Certified Pure Natural Unprocessed Original Honey - 530 g Glass Jar (Pack of 1),Boost
"Sirona Face Razor for Women Facial Hair - Pack of 3 | Painless Facial Hair Removal | Eyebrow Shaper | For Eyebrows, Upper Lip, Forehead, Peach Fuzz, Chin and Sideburns | Dermaplaning Tool",₹190.00,"6,380",N/A,"Sirona Face Razor for Women Facial Hair - Pack of 3 | Painless Facial Hair Removal | Eyebrow Shaper | For Eyebrows, Upper Lip, Forehead, Peach Fuzz, Chin and Sideburns | Dermaplaning Tool",Boost
"MENHOOD Men's WaterProof Cordless Grooming Trimmer for Men, Suitable for Beard, Body Private Part Shaving, Head and Pubic Hair, 150min Run Time (Black)","₹2,799.00","5,806",N/A,"MENHOOD Men's WaterProof Cordless Grooming Trimmer for Men, Suitable for Beard, Body Private Part Shaving, Head and Pubic Hair, 150min Run Time (Black)",Boost
FYN True Sri Lankan Cinnamon Sticks (100g) Authentic Ceylon Dalchini Quills | World's Best,₹288.00,"3,269",N/A,FYN True Sri Lankan Cinnamon Sticks (100g) Authentic Ceylon Dalchini Quills | World's Best,Boost
"Farmherbs 100% Herbal All Natural Baby Kajal Stick - Certified Lead-Free, Irritation-Free, Premium Olive Wax with Pure Organic Marigold, Smudgeproof, Preservative-Free, Chemical-Free",₹304.00,"2,240",N/A,"Farmherbs 100% Herbal All Natural Baby Kajal Stick - Certified Lead-Free, Irritation-Free, Premium Olive Wax with Pure Organic Marigold, Smudgeproof, Preservative-Free, Chemical-Free",Boost
Orgatre Hair Finishing Stick For Women -15Ml | Anti Flyaway Hair Wand | Hair Wax Stick For Flyaway Hairs | Use As Hair Setting Spray For Women | Non-Greasy And Non-Sticky Hair Stick Gel,₹239.00,953,N/A,Orgatre Hair Finishing Stick For Women -15Ml | Anti Flyaway Hair Wand | Hair Wax Stick For Flyaway Hairs | Use As Hair Setting Spray For Women | Non-Greasy And Non-Sticky Hair Stick Gel,Boost
"Namyaa Hair Removal Cream for Intimate Skin with Free Vitamin C Serum, 60 gram, Pack of 2",₹159.00,"2,739",N/A,"Namyaa Hair Removal Cream for Intimate Skin with Free Vitamin C Serum, 60 gram, Pack of 2",Boost
PEE BUDDY Disposable Toilet Seat Covers - 20 Sheets | No Direct Contact with Unhygienic Seats | Easy To Dispose | Nature Friendly | Must Have for Women and Men,₹155.00,"8,400",N/A,PEE BUDDY Disposable Toilet Seat Covers - 20 Sheets | No Direct Contact with Unhygienic Seats | Easy To Dispose | Nature Friendly | Must Have for Women and Men,Boost
"Selzer Instant Silver Cleaning Liquid, Silver Dip Instant Silver Cleaner For Jewellery, Articles And Silverware - No Silver Loss, 250ml (Pack of 1)",₹320.16,500,N/A,"Selzer Instant Silver Cleaning Liquid, Silver Dip Instant Silver Cleaner For Jewellery, Articles And Silverware - No Silver Loss, 250ml (Pack of 1)",Boost
"Man Matters Biotin Gummies For Hair & Skin | 60 Days Pack | With Biotin, Vitamin A, C, E, Zinc, Fibre & DHT Blocker | For Healthy & Strong Hair | Strawberry Flavour | 100% Vegan & Gut Friendly",₹749.00,"5,759",N/A,"Man Matters Biotin Gummies For Hair & Skin | 60 Days Pack | With Biotin, Vitamin A, C, E, Zinc, Fibre & DHT Blocker | For Healthy & Strong Hair | Strawberry Flavour | 100% Vegan & Gut Friendly",Boost
"COSRX Snail Mucin 92% Moisturizer 3.52oz/ 100g, Daily Repair Face Gel Cream for Dry, Sensitive Skin, Not Tested on Animals, No Parabens, No Sulfates, No Phthalates, Korean Skincare","₹1,120.00","43,454",N/A,"COSRX Snail Mucin 92% Moisturizer 3.52oz/ 100g, Daily Repair Face Gel Cream for Dry, Sensitive Skin, Not Tested on Animals, No Parabens, No Sulfates, No Phthalates, Korean Skincare",Boost
OxiClear N99 Anti Pollution Face Mask with 4 Activated Carbon Filters & Detachable Headband D.R.D.O Certified (Black),₹499.00,"10,448",N/A,OxiClear N99 Anti Pollution Face Mask with 4 Activated Carbon Filters & Detachable Headband D.R.D.O Certified (Black),Boost
POKONUT - nurture with love Ayurvedic Stretch Mark Cream | Improves Appearance Of Fresh And Mature Stretch Marks | Infused With Hyaluronic Acid & Rosehip Oil | Natural And Cruelty-Free | 50 Gm,₹299.00,621,N/A,POKONUT - nurture with love Ayurvedic Stretch Mark Cream | Improves Appearance Of Fresh And Mature Stretch Marks | Infused With Hyaluronic Acid & Rosehip Oil | Natural And Cruelty-Free | 50 Gm,Boost
IMPOWER Self Defence Pepper Spray Green Chilli for Woman Safety - 55 ML (Pack of 1),₹200.00,"1,465",N/A,IMPOWER Self Defence Pepper Spray Green Chilli for Woman Safety - 55 ML (Pack of 1),Boost
"ASGARD Melt-Blown Fabric Disposable Face Mask with Nose Clip (Blue, Pack of 100) for Unisex",₹375.00,"1,240",N/A,"ASGARD Melt-Blown Fabric Disposable Face Mask with Nose Clip (Blue, Pack of 100) for Unisex",Boost
"hoop Magnesium Sleep Body Lotion | Topical Magnesium Chloride Supplement for Muscle Recovery, Better Sleep | Magnesium Oil Supports Deep Sleep, Recovery from Cramps, Fitness | 250 ml",₹520.00,"39,443",N/A,"hoop Magnesium Sleep Body Lotion | Topical Magnesium Chloride Supplement for Muscle Recovery, Better Sleep | Magnesium Oil Supports Deep Sleep, Recovery from Cramps, Fitness | 250 ml",Boost
"Safari Pentagon Set of 3 (Cabin + Medium + Large) Trolley Bags Hard Case Polypropylene 4 Wheels 360 Degree Wheeling Luggage, Travel Bags, Suitcase for Travel, Trolley Bags for Travel, Dusk Green","₹6,399.00","23,157",,"Safari Pentagon Set of 3 (Cabin + Medium + Large) Trolley Bags Hard Case Polypropylene 4 Wheels 360 Degree Wheeling Luggage, Travel Bags, Suitcase for Travel, Trolley Bags for Travel, Dusk Green",Luggage
"Safari Thorium Neo 8 Wheels 66 Cm Medium Check-in Trolley Bag Hard Case Polycarbonate 360 Degree Wheeling System Luggage, Trolley Bags for Travel, Suitcase for Travel, Graphite Blue","₹2,549.00","30,519",N/A,"Safari Thorium Neo 8 Wheels 66 Cm Medium Check-in Trolley Bag Hard Case Polycarbonate 360 Degree Wheeling System Luggage, Trolley Bags for Travel, Suitcase for Travel, Graphite Blue",Luggage
Boldfit Shoe Bag for Travel & Storage Travel Organizer for Women & Men Travel Accessories Shoe Organizer Shoe Bags Pouches Travel Shoe Cover for Travelling Travel Essentials,₹199.00,"8,514",N/A,Boldfit Shoe Bag for Travel & Storage Travel Organizer for Women & Men Travel Accessories Shoe Organizer Shoe Bags Pouches Travel Shoe Cover for Travelling Travel Essentials,Luggage
Billebon Premium Neck Pillow for Travelling Airplane Travel Pillow Comfortable Head Rest Neck Holder Pillow (Grey),₹199.00,"10,551",N/A,Billebon Premium Neck Pillow for Travelling Airplane Travel Pillow Comfortable Head Rest Neck Holder Pillow (Grey),Luggage
"URBAN FOREST Oliver Black Leather Wallet for Men, 6 Card Slot",₹499.00,"17,135",N/A,"URBAN FOREST Oliver Black Leather Wallet for Men, 6 Card Slot",Luggage
"GLUN® Electronic Portable Digital LED Screen Luggage Weighing Scale, 50 kg/110 Lb For Multi-Purpose Use.",₹249.00,"23,061",N/A,"GLUN® Electronic Portable Digital LED Screen Luggage Weighing Scale, 50 kg/110 Lb For Multi-Purpose Use.",Luggage
"Skybags Casual Backpack 28L, 2 Main Compartments, Bottle Pocket, Front Pocket, Padded Shoulder Strap",₹441.00,"14,001",N/A,"Skybags Casual Backpack 28L, 2 Main Compartments, Bottle Pocket, Front Pocket, Padded Shoulder Strap",Luggage
WildHorn RFID Protected Leather Wallet for Men,₹479.00,"33,416",N/A,WildHorn RFID Protected Leather Wallet for Men,Luggage
"Safari Crescent 8 Wheels 66cm Medium Check-in Trolley Bag Hard Case Polycarbonate 360 Degree Wheeling System Luggage, Travel Bag, Suitcase for Travel, Trolley Bags for Travel, Thyme Green","₹2,599.00",356,N/A,"Safari Crescent 8 Wheels 66cm Medium Check-in Trolley Bag Hard Case Polycarbonate 360 Degree Wheeling System Luggage, Travel Bag, Suitcase for Travel, Trolley Bags for Travel, Thyme Green",Luggage
"SAFARI RAY 67 Cms Check-in Trolley Bag Hard Case Polycarbonate 4 Wheels 360 Degree Wheeling System Luggage, Trolley Bags For Travel, Suitcase For Travel, Midnight Blue","₹2,399.00","25,579",N/A,"SAFARI RAY 67 Cms Check-in Trolley Bag Hard Case Polycarbonate 4 Wheels 360 Degree Wheeling System Luggage, Trolley Bags For Travel, Suitcase For Travel, Midnight Blue",Luggage
WildHorn RFID Protected Leather Wallet for Men,₹299.00,"44,029",N/A,WildHorn RFID Protected Leather Wallet for Men,Luggage
Storite PU Leather 9 Slot Vertical Credit Debit Card Holder Money Wallet Zipper Coin Purse for Men Women - Lightbrown (11.5 x 1.75 x 8 cm),₹399.00,"14,074",N/A,Storite PU Leather 9 Slot Vertical Credit Debit Card Holder Money Wallet Zipper Coin Purse for Men Women - Lightbrown (11.5 x 1.75 x 8 cm),Luggage
SHOESHINE Shoe Bag for Storage Shoes for Men and Women Travel Essentials Shoe Cover or Shoe Bags Pouches Transparent Shoe Bag for Travel or Accessories - Pack of 10 Shoe Pouch,₹299.00,"8,050",N/A,SHOESHINE Shoe Bag for Storage Shoes for Men and Women Travel Essentials Shoe Cover or Shoe Bags Pouches Transparent Shoe Bag for Travel or Accessories - Pack of 10 Shoe Pouch,Luggage
"PETRICE Travel Organizer, Packing Cubes for Travel, Travel Essentials, Toiletry Bag, Packing Bags for Clothes, Travel Organizer for Women, Travel Pouch, Packing Cubes Travel Organizer (Grey)",₹499.00,"1,181",N/A,"PETRICE Travel Organizer, Packing Cubes for Travel, Travel Essentials, Toiletry Bag, Packing Bags for Clothes, Travel Organizer for Women, Travel Pouch, Packing Cubes Travel Organizer (Grey)",Luggage
"Urban Forest Oliver Redwood Light Brown Leather Wallet for Men, 6 Card Slot",₹499.00,"42,214",N/A,"Urban Forest Oliver Redwood Light Brown Leather Wallet for Men, 6 Card Slot",Luggage
"amazon basics Memory Foam Travel Neck Pillow with Eye Mask and Ear Plugs Combo, Unisex, U-Shaped, Black",₹329.00,"8,483",N/A,"amazon basics Memory Foam Travel Neck Pillow with Eye Mask and Ear Plugs Combo, Unisex, U-Shaped, Black",Luggage
Impulse Rucksack bags 60 litres travel bag for men tourist bags for travel backpack for hiking trekking Bag for men camping Keep Discovering Light with 1 year Warranty,₹642.00,"1,740",N/A,Impulse Rucksack bags 60 litres travel bag for men tourist bags for travel backpack for hiking trekking Bag for men camping Keep Discovering Light with 1 year Warranty,Luggage
"Aristocrat Airpro Cabin 55 Cm(Small) Polypropylene 360 Degree 8 Wheels Trolley Bag for Travel Hard Case Luggage, Lightweight with Combination Lock & Robust Trolley with 7 Yrs Warranty (Black)","₹1,939.00","4,677",N/A,"Aristocrat Airpro Cabin 55 Cm(Small) Polypropylene 360 Degree 8 Wheels Trolley Bag for Travel Hard Case Luggage, Lightweight with Combination Lock & Robust Trolley with 7 Yrs Warranty (Black)",Luggage
"GoTrippin Weight Machine for Luggage - 50 kg capacity, Steel body, Lifetime replacement - Digital Portable Electronic Luggage Weighing Scale for home, travel, flights, bags and baggage (Silver, 50 kg)",₹699.00,"12,606",N/A,"GoTrippin Weight Machine for Luggage - 50 kg capacity, Steel body, Lifetime replacement - Digital Portable Electronic Luggage Weighing Scale for home, travel, flights, bags and baggage (Silver, 50 kg)",Luggage
"Kamiliant by American Tourister Harrier 3 Pc Set 56 cms, 68 cms & 78 cms- Small, Medium & Large Polypropylene (PP) Hard Sided 4 Wheels Spinner Luggage Set/Suitcase Set/Trolley Bag Set (Iron Grey)","₹7,499.00","9,391",N/A,"Kamiliant by American Tourister Harrier 3 Pc Set 56 cms, 68 cms & 78 cms- Small, Medium & Large Polypropylene (PP) Hard Sided 4 Wheels Spinner Luggage Set/Suitcase Set/Trolley Bag Set (Iron Grey)",Luggage
"Skybags Rubik 78 Cms Large Check-In Polyester Soft Sided 4 Wheels 360 Degree Rotation Luggage/Speed_Wheel Suitcase/Trolley Bag- Blue, 47 Centimeters","₹2,804.15","17,238",N/A,"Skybags Rubik 78 Cms Large Check-In Polyester Soft Sided 4 Wheels 360 Degree Rotation Luggage/Speed_Wheel Suitcase/Trolley Bag- Blue, 47 Centimeters",Luggage
"Skybags ABS Trooper Medium Size Hardshell Luggage (65 Cm) | Printed Luggage Inline Trolley Bag with 4 Wheels and Resetable Combination Lock | Unisex, Green","₹3,299.00","22,488",N/A,"Skybags ABS Trooper Medium Size Hardshell Luggage (65 Cm) | Printed Luggage Inline Trolley Bag with 4 Wheels and Resetable Combination Lock | Unisex, Green",Luggage
Fur Jaden Brown Textured Leatherette Stylish & Spacious Weekender Duffle Bag for Travel for Men and Women,₹768.00,"9,224",N/A,Fur Jaden Brown Textured Leatherette Stylish & Spacious Weekender Duffle Bag for Travel for Men and Women,Luggage
NECAVU 100% Cotton Set Of 6 Fridge Drawstring Bag | Eco-Friendly Natural Vegetables Bags For Fridge Storage & Mesh Net Vegetable Bag Fridge | Multi-Purpose Eco-Friendly Cotton Mesh Bag (Neem Green),₹299.00,"3,791",N/A,NECAVU 100% Cotton Set Of 6 Fridge Drawstring Bag | Eco-Friendly Natural Vegetables Bags For Fridge Storage & Mesh Net Vegetable Bag Fridge | Multi-Purpose Eco-Friendly Cotton Mesh Bag (Neem Green),Luggage
Sfane Polyester 23cms Duffle/Shoulder/Gym Bag for Men & Women with Separate Shoe Compartment (Grey),₹415.00,"10,715",N/A,Sfane Polyester 23cms Duffle/Shoulder/Gym Bag for Men & Women with Separate Shoe Compartment (Grey),Luggage
"Storite 6 Slots RFID Protected Metal Credit Card Holder Wallet for Men & Women(Shiny Black,9.5 x 6.5 x 1.3 cm)",₹199.00,"10,941",N/A,"Storite 6 Slots RFID Protected Metal Credit Card Holder Wallet for Men & Women(Shiny Black,9.5 x 6.5 x 1.3 cm)",Luggage
"Rigohill Doger Olive Green Leather Wallet For Men, 2 Card Slot | RFID Wallet",₹499.00,"7,841",N/A,"Rigohill Doger Olive Green Leather Wallet For Men, 2 Card Slot | RFID Wallet",Luggage
M MEDLER Epoch Nylon 55 litres Waterproof Strolley Duffle Bag- 2 Wheels - Luggage Bag - (Navy Blue),₹499.00,"29,398",N/A,M MEDLER Epoch Nylon 55 litres Waterproof Strolley Duffle Bag- 2 Wheels - Luggage Bag - (Navy Blue),Luggage
Kamiliant American Tourister Harrier Zing 56 Cms Small Cabin (Pp) Hard Sided 8 Wheels Spinner Luggage/Suitcase/Trolley Bag (Military Olive) (Double Wheel),"₹1,759.00","4,347",N/A,Kamiliant American Tourister Harrier Zing 56 Cms Small Cabin (Pp) Hard Sided 8 Wheels Spinner Luggage/Suitcase/Trolley Bag (Military Olive) (Double Wheel),Luggage
American Tourister Liftoff 79 Cms Large Check-in Polypropylene Hard Sided Double Spinner 4 Wheel Luggage/Trolley Bag/Suitcase (Seafoam Blue),"₹4,599.00","1,588",N/A,American Tourister Liftoff 79 Cms Large Check-in Polypropylene Hard Sided Double Spinner 4 Wheel Luggage/Trolley Bag/Suitcase (Seafoam Blue),Luggage
Certified Refurbished Fire TV Stick with all-new Alexa Voice Remote (includes TV and app controls) | HD streaming device,"₹3,149.00","2,409",,Certified Refurbished Fire TV Stick with all-new Alexa Voice Remote (includes TV and app controls) | HD streaming device,Amazon-renewed
"Certified Refurbished Echo Dot (4th Gen, 2020 release) with clock | Smart speaker with powerful bass, LED display and Alexa (Blue)","₹3,799.00",519,,"Certified Refurbished Echo Dot (4th Gen, 2020 release) with clock | Smart speaker with powerful bass, LED display and Alexa (Blue)",Amazon-renewed
"(Refurbished) Dell Optiplex High Performance Desktop Computer (Intel Core i5 3470/ 16 GB RAM/ 1 TB HDD + 256 GB SSD/ Windows 10 Pro/ MS Office/ Intel HD Graphics/ USB/ Ethernet/WiFi), Black","₹8,700.00","1,067",,"(Refurbished) Dell Optiplex High Performance Desktop Computer (Intel Core i5 3470/ 16 GB RAM/ 1 TB HDD + 256 GB SSD/ Windows 10 Pro/ MS Office/ Intel HD Graphics/ USB/ Ethernet/WiFi), Black",Amazon-renewed
"(Refurbished) Lenovo ThinkPad 6th Gen Intel Core i5 Thin & Light HD Laptop (16GB RAM / 512GB SSD /14"" (35.6 cm) HD/Windows 11/MS Office/WiFi/Webcam/Intel Graphics), Black","₹15,530.00",838,,"(Refurbished) Lenovo ThinkPad 6th Gen Intel Core i5 Thin & Light HD Laptop (16GB RAM / 512GB SSD /14"" (35.6 cm) HD/Windows 11/MS Office/WiFi/Webcam/Intel Graphics), Black",Amazon-renewed
"Lenovo (Renewed) Thinkcentre M700 Desktop Mini Pc (Intel Core I3 6Th Gen,8 Gb Ddr4 Ram,256 Gb Ssd,Wifi,Windows 11,Ms Office,Intel Hd Graphics,Usb,Dp)Black","₹6,690.00",649,,"Lenovo (Renewed) Thinkcentre M700 Desktop Mini Pc (Intel Core I3 6Th Gen,8 Gb Ddr4 Ram,256 Gb Ssd,Wifi,Windows 11,Ms Office,Intel Hd Graphics,Usb,Dp)Black",Amazon-renewed
"(Refurbished) Nokia All-New 105 Keypad Phone with Built-in UPI Payments, Long-Lasting Battery, Wireless FM Radio | Charcoal","₹1,018.00",183,,"(Refurbished) Nokia All-New 105 Keypad Phone with Built-in UPI Payments, Long-Lasting Battery, Wireless FM Radio | Charcoal",Amazon-renewed
"(Refurbished) Lenovo ThinkPad 5th Gen Intel Core i5 Thin & Light HD Laptop (8 GB RAM/256 GB SSD/14"" (35.6 cm) HD/Windows 10 Pro/MS Office/WiFi/Webcam/Intel Graphics), Black","₹12,600.00",615,,"(Refurbished) Lenovo ThinkPad 5th Gen Intel Core i5 Thin & Light HD Laptop (8 GB RAM/256 GB SSD/14"" (35.6 cm) HD/Windows 10 Pro/MS Office/WiFi/Webcam/Intel Graphics), Black",Amazon-renewed
"(Refurbished) Dell Optiplex 7040 Mini PC (Intel Core i5 6th gen, 16 GB DDR4 RAM, 512 GB SSD, Windows 11, WiFi, MS Office|Intel HD Graphics|USB, Ethernet,DP), Black","₹10,989.00",752,,"(Refurbished) Dell Optiplex 7040 Mini PC (Intel Core i5 6th gen, 16 GB DDR4 RAM, 512 GB SSD, Windows 11, WiFi, MS Office|Intel HD Graphics|USB, Ethernet,DP), Black",Amazon-renewed
Certified Refurbished Fire TV Stick 4K with Alexa Voice Remote | Stream in 4K resolution,"₹3,849.00",726,,Certified Refurbished Fire TV Stick 4K with Alexa Voice Remote | Stream in 4K resolution,Amazon-renewed
"(Refurbished) Dell Optiplex Desktop ( Core i5 8 GB 500GB HDD Windows MS Office Intel HD Graphics), Black","₹5,695.00",587,,"(Refurbished) Dell Optiplex Desktop ( Core i5 8 GB 500GB HDD Windows MS Office Intel HD Graphics), Black",Amazon-renewed
(Renewed) Maono AU-400 Lavalier Microphone (Black),₹337.04,922,,(Renewed) Maono AU-400 Lavalier Microphone (Black),Amazon-renewed
"(Refurbished) Nokia 2660 Flip 4G Volte keypad Phone with Dual SIM, Dual Screen, inbuilt MP3 Player & Wireless FM Radio | Red","₹3,648.00",309,,"(Refurbished) Nokia 2660 Flip 4G Volte keypad Phone with Dual SIM, Dual Screen, inbuilt MP3 Player & Wireless FM Radio | Red",Amazon-renewed
"Certified Refurbished Echo Dot (4th Gen, 2020 release)| Smart speaker with Alexa (Blue)","₹3,499.00",504,,"Certified Refurbished Echo Dot (4th Gen, 2020 release)| Smart speaker with Alexa (Blue)",Amazon-renewed
"(Refurbished) Lenovo ThinkPad X260 6th Gen Intel Core i7 Thin & Light HD Laptop (8 GB DDR4 RAM|256 GB SSD|12.5"" (31.8 cm) HD|Windows 11|MS Office|WiFi|BT|Webcam|Intel HD Graphics)","₹15,499.00",1,,"(Refurbished) Lenovo ThinkPad X260 6th Gen Intel Core i7 Thin & Light HD Laptop (8 GB DDR4 RAM|256 GB SSD|12.5"" (31.8 cm) HD|Windows 11|MS Office|WiFi|BT|Webcam|Intel HD Graphics)",Amazon-renewed
"(Renewed) DELL Latitude 5490 Core i5 8th Gen Laptop, 16 GB RAM, 512GB SSD, Intel HD Graphics, 14 inch (36.83 cms) HD Screen, Windows 11 (Upgraded), MS Office, Black, Slim","₹19,479.00",725,,"(Renewed) DELL Latitude 5490 Core i5 8th Gen Laptop, 16 GB RAM, 512GB SSD, Intel HD Graphics, 14 inch (36.83 cms) HD Screen, Windows 11 (Upgraded), MS Office, Black, Slim",Amazon-renewed
"(Refurbished) Lenovo ThinkPad 14"" (35.6 cm) HD Business Laptop (Core i5-4th Gen/8 GB RAM/256 GB SSD/Windows 10 Pro/MS Office/Wifi/Webcam/Intel Graphics)","₹11,900.00",46,,"(Refurbished) Lenovo ThinkPad 14"" (35.6 cm) HD Business Laptop (Core i5-4th Gen/8 GB RAM/256 GB SSD/Windows 10 Pro/MS Office/Wifi/Webcam/Intel Graphics)",Amazon-renewed
"(Refurbished) HP Compaq Elite Ultra-slim 19"" HD All-in-One Desktop Computer Set (Intel Core i5 3rd Gen| 8 GB RAM| 500 GB HDD| 19"" HD LED Monitor| KB & Mouse| Speakers| WiFi| Windows 10 Pro| MS Office)","₹8,970.00",17,N/A,"(Refurbished) HP Compaq Elite Ultra-slim 19"" HD All-in-One Desktop Computer Set (Intel Core i5 3rd Gen| 8 GB RAM| 500 GB HDD| 19"" HD LED Monitor| KB & Mouse| Speakers| WiFi| Windows 10 Pro| MS Office)",Amazon-renewed
"(Refurbished) Redmi 7A (Matte Blue, 2GB RAM, 16GB Storage)","₹4,499.00",26,N/A,"(Refurbished) Redmi 7A (Matte Blue, 2GB RAM, 16GB Storage)",Amazon-renewed
"(Refurbished) Portronics SoundDrum 1 10W TWS Portable Bluetooth 5.0 Speaker with Powerful Bass, Inbuilt-FM & Type C Charging Cable Included(Blue)",₹696.00,10,N/A,"(Refurbished) Portronics SoundDrum 1 10W TWS Portable Bluetooth 5.0 Speaker with Powerful Bass, Inbuilt-FM & Type C Charging Cable Included(Blue)",Amazon-renewed
"Certified Refurbished Echo Show 5 (2nd Gen, 2021 release) - Smart speaker with 5.5"" screen, crisp sound and Alexa (Black)","₹13,570.00",256,N/A,"Certified Refurbished Echo Show 5 (2nd Gen, 2021 release) - Smart speaker with 5.5"" screen, crisp sound and Alexa (Black)",Amazon-renewed
(Refurbished) Lenovo Thinkcentre Desktop Mini Pc (Intel Core I5 8Th Gen | 16 Gb Ddr4 Ram| 512 Gb Ssd|Wifi|Windows 11|Ms Office) Black,₹398.00,58,N/A,(Refurbished) Lenovo Thinkcentre Desktop Mini Pc (Intel Core I5 8Th Gen | 16 Gb Ddr4 Ram| 512 Gb Ssd|Wifi|Windows 11|Ms Office) Black,Amazon-renewed
"ZEBRONICS (Renewed) Zeb-County Bluetooth Speaker with Built-in FM Radio, Aux Input and Call Function (Black)","₹1,839.00",129,N/A,"ZEBRONICS (Renewed) Zeb-County Bluetooth Speaker with Built-in FM Radio, Aux Input and Call Function (Black)",Amazon-renewed
"(Refurbished) Mivi Fort Q48 Soundbar with subwoofer, 48 Watts, 2.1 Channel with 2 in-Build Full-Range Speakers and an External subwoofer, Multiple Input Modes, Made in India soundbar for TV","₹11,949.00","1,539",N/A,"(Refurbished) Mivi Fort Q48 Soundbar with subwoofer, 48 Watts, 2.1 Channel with 2 in-Build Full-Range Speakers and an External subwoofer, Multiple Input Modes, Made in India soundbar for TV",Amazon-renewed
"(Refurbished) Lenovo ThinkCenter 19 "" AIO Desktop Set(Intel i5 4thGen/ 8GB/256GB SSD/19 ""esHD Monitor+Keyboard+Mouse+Tiny CPU+FHD Webcam+Mic+Speakers+Wifi/Windows 10 Pro/MS Office/PAN India Warranty)",₹898.00,3,N/A,"(Refurbished) Lenovo ThinkCenter 19 "" AIO Desktop Set(Intel i5 4thGen/ 8GB/256GB SSD/19 ""esHD Monitor+Keyboard+Mouse+Tiny CPU+FHD Webcam+Mic+Speakers+Wifi/Windows 10 Pro/MS Office/PAN India Warranty)",Amazon-renewed
(Refurbished) D-Link DIR-825 AC 1200 Wi-Fi Dual-Band Gigabit (LAN/WAN) Router,"₹3,499.00",434,N/A,(Refurbished) D-Link DIR-825 AC 1200 Wi-Fi Dual-Band Gigabit (LAN/WAN) Router,Amazon-renewed
"Certified Refurbished Echo Dot (4th Gen, 2020 release)| Smart speaker with Alexa (Black)","₹2,974.00",142,N/A,"Certified Refurbished Echo Dot (4th Gen, 2020 release)| Smart speaker with Alexa (Black)",Amazon-renewed
(Refurbished) Philips HL7756/00 750-Watt Mixer Grinder with 3 Jars (Black),"₹1,061.00",414,N/A,(Refurbished) Philips HL7756/00 750-Watt Mixer Grinder with 3 Jars (Black),Amazon-renewed
"(Refurbished) Nokia All-New 105 Dual Sim Keypad Phone with Built-in UPI Payments, Long-Lasting Battery, Wireless FM Radio | Charcoal","₹16,900.00",339,N/A,"(Refurbished) Nokia All-New 105 Dual Sim Keypad Phone with Built-in UPI Payments, Long-Lasting Battery, Wireless FM Radio | Charcoal",Amazon-renewed
"(Renewed) DELL Latitude 5490 Core i5 7th Gen Laptop, 8 GB RAM, 256GB SSD, Intel HD Graphics, 14 inch (36.83 cms) HD Screen, Windows 11 (Upgraded), MS Office, Black, Slim",N/A,34,N/A,"(Renewed) DELL Latitude 5490 Core i5 7th Gen Laptop, 8 GB RAM, 256GB SSD, Intel HD Graphics, 14 inch (36.83 cms) HD Screen, Windows 11 (Upgraded), MS Office, Black, Slim",Amazon-renewed
